DATE,DEXJPUS
2000-01-03,101.70
2000-01-04,103.09
2000-01-05,103.77
2000-01-06,105.19
2000-01-07,105.17
2000-01-10,105.28
2000-01-11,106.09
2000-01-12,105.76
2000-01-13,106.09
2000-01-14,105.86
2000-01-17,.
2000-01-18,105.49
2000-01-19,105.39
2000-01-20,105.45
2000-01-21,104.96
2000-01-24,105.52
2000-01-25,105.87
2000-01-26,105.85
2000-01-27,104.91
2000-01-28,107.15
2000-01-31,107.33
2000-02-01,107.67
2000-02-02,108.40
2000-02-03,107.92
2000-02-04,107.54
2000-02-07,108.75
2000-02-08,109.59
2000-02-09,109.11
2000-02-10,108.74
2000-02-11,108.99
2000-02-14,108.65
2000-02-15,108.75
2000-02-16,109.38
2000-02-17,110.27
2000-02-18,110.88
2000-02-21,.
2000-02-22,111.04
2000-02-23,111.11
2000-02-24,110.95
2000-02-25,110.98
2000-02-28,109.17
2000-02-29,109.88
2000-03-01,107.10
2000-03-02,107.37
2000-03-03,107.80
2000-03-06,107.74
2000-03-07,106.20
2000-03-08,106.89
2000-03-09,106.45
2000-03-10,106.27
2000-03-13,105.32
2000-03-14,104.85
2000-03-15,105.58
2000-03-16,105.63
2000-03-17,106.10
2000-03-20,106.50
2000-03-21,106.91
2000-03-22,106.77
2000-03-23,107.45
2000-03-24,107.25
2000-03-27,107.13
2000-03-28,105.90
2000-03-29,105.60
2000-03-30,105.53
2000-03-31,102.73
2000-04-03,104.82
2000-04-04,105.33
2000-04-05,105.00
2000-04-06,104.78
2000-04-07,105.33
2000-04-10,106.37
2000-04-11,106.95
2000-04-12,105.86
2000-04-13,105.76
2000-04-14,105.12
2000-04-17,104.19
2000-04-18,104.59
2000-04-19,104.94
2000-04-20,105.45
2000-04-21,105.88
2000-04-24,105.66
2000-04-25,105.71
2000-04-26,106.46
2000-04-27,106.36
2000-04-28,107.98
2000-05-01,108.89
2000-05-02,108.63
2000-05-03,109.14
2000-05-04,108.17
2000-05-05,108.53
2000-05-08,109.03
2000-05-09,109.61
2000-05-10,109.33
2000-05-11,108.47
2000-05-12,108.74
2000-05-15,109.48
2000-05-16,109.75
2000-05-17,109.53
2000-05-18,108.70
2000-05-19,106.89
2000-05-22,107.02
2000-05-23,106.72
2000-05-24,107.58
2000-05-25,107.48
2000-05-26,107.18
2000-05-29,.
2000-05-30,106.44
2000-05-31,107.74
2000-06-01,108.74
2000-06-02,108.15
2000-06-05,107.44
2000-06-06,105.64
2000-06-07,105.50
2000-06-08,105.86
2000-06-09,106.78
2000-06-12,106.65
2000-06-13,106.79
2000-06-14,106.89
2000-06-15,106.52
2000-06-16,106.22
2000-06-19,105.74
2000-06-20,105.42
2000-06-21,105.50
2000-06-22,104.40
2000-06-23,104.59
2000-06-26,105.66
2000-06-27,105.53
2000-06-28,105.51
2000-06-29,105.09
2000-06-30,106.14
2000-07-03,105.64
2000-07-04,.
2000-07-05,106.91
2000-07-06,107.37
2000-07-07,107.81
2000-07-10,107.10
2000-07-11,106.93
2000-07-12,108.36
2000-07-13,108.27
2000-07-14,107.88
2000-07-17,108.53
2000-07-18,108.30
2000-07-19,108.20
2000-07-20,107.89
2000-07-21,109.08
2000-07-24,108.92
2000-07-25,109.30
2000-07-26,109.28
2000-07-27,109.15
2000-07-28,109.63
2000-07-31,109.68
2000-08-01,109.47
2000-08-02,108.77
2000-08-03,108.36
2000-08-04,108.54
2000-08-07,108.99
2000-08-08,108.64
2000-08-09,107.99
2000-08-10,108.70
2000-08-11,108.68
2000-08-14,109.52
2000-08-15,109.00
2000-08-16,108.55
2000-08-17,108.48
2000-08-18,108.43
2000-08-21,108.53
2000-08-22,108.34
2000-08-23,107.02
2000-08-24,106.89
2000-08-25,107.17
2000-08-28,106.45
2000-08-29,106.20
2000-08-30,106.47
2000-08-31,106.66
2000-09-01,105.78
2000-09-04,.
2000-09-05,105.88
2000-09-06,106.08
2000-09-07,105.10
2000-09-08,106.03
2000-09-11,105.97
2000-09-12,106.93
2000-09-13,107.11
2000-09-14,107.25
2000-09-15,107.33
2000-09-18,106.87
2000-09-19,107.02
2000-09-20,106.77
2000-09-21,106.50
2000-09-22,107.94
2000-09-25,107.63
2000-09-26,107.63
2000-09-27,107.44
2000-09-28,107.59
2000-09-29,107.90
2000-10-02,108.81
2000-10-03,108.66
2000-10-04,109.29
2000-10-05,109.30
2000-10-06,108.81
2000-10-09,.
2000-10-10,107.90
2000-10-11,107.63
2000-10-12,107.58
2000-10-13,107.67
2000-10-16,108.30
2000-10-17,108.15
2000-10-18,107.78
2000-10-19,108.55
2000-10-20,109.04
2000-10-23,108.45
2000-10-24,108.08
2000-10-25,108.05
2000-10-26,108.36
2000-10-27,108.75
2000-10-30,108.99
2000-10-31,109.15
2000-11-01,108.48
2000-11-02,108.39
2000-11-03,107.58
2000-11-06,107.34
2000-11-07,107.30
2000-11-08,107.57
2000-11-09,107.41
2000-11-10,107.83
2000-11-13,107.70
2000-11-14,108.15
2000-11-15,108.75
2000-11-16,109.08
2000-11-17,108.86
2000-11-20,109.79
2000-11-21,110.29
2000-11-22,110.16
2000-11-23,.
2000-11-24,111.38
2000-11-27,110.70
2000-11-28,110.23
2000-11-29,111.28
2000-11-30,110.93
2000-12-01,111.15
2000-12-04,111.07
2000-12-05,111.00
2000-12-06,110.42
2000-12-07,110.70
2000-12-08,111.29
2000-12-11,110.77
2000-12-12,111.50
2000-12-13,112.40
2000-12-14,112.42
2000-12-15,112.55
2000-12-18,112.06
2000-12-19,112.55
2000-12-20,112.58
2000-12-21,112.18
2000-12-22,112.75
2000-12-25,.
2000-12-26,113.62
2000-12-27,114.20
2000-12-28,114.62
2000-12-29,114.35
2001-01-01,.
2001-01-02,114.73
2001-01-03,114.26
2001-01-04,115.47
2001-01-05,116.19
2001-01-08,115.97
2001-01-09,116.64
2001-01-10,116.26
2001-01-11,117.56
2001-01-12,117.76
2001-01-15,.
2001-01-16,117.28
2001-01-17,118.35
2001-01-18,117.78
2001-01-19,117.23
2001-01-22,116.62
2001-01-23,116.95
2001-01-24,118.18
2001-01-25,116.91
2001-01-26,117.16
2001-01-29,116.67
2001-01-30,115.75
2001-01-31,116.39
2001-02-01,115.33
2001-02-02,115.65
2001-02-05,114.99
2001-02-06,114.88
2001-02-07,116.21
2001-02-08,116.30
2001-02-09,117.57
2001-02-12,117.62
2001-02-13,117.30
2001-02-14,116.65
2001-02-15,115.67
2001-02-16,115.46
2001-02-19,.
2001-02-20,115.57
2001-02-21,116.45
2001-02-22,116.53
2001-02-23,116.15
2001-02-26,116.63
2001-02-27,116.20
2001-02-28,117.28
2001-03-01,117.33
2001-03-02,119.06
2001-03-05,119.08
2001-03-06,118.87
2001-03-07,119.86
2001-03-08,119.51
2001-03-09,119.71
2001-03-12,120.63
2001-03-13,120.20
2001-03-14,120.97
2001-03-15,122.23
2001-03-16,122.85
2001-03-19,122.57
2001-03-20,122.73
2001-03-21,123.62
2001-03-22,123.84
2001-03-23,122.64
2001-03-26,122.81
2001-03-27,122.99
2001-03-28,122.62
2001-03-29,123.45
2001-03-30,125.54
2001-04-02,126.75
2001-04-03,125.41
2001-04-04,125.38
2001-04-05,124.33
2001-04-06,124.03
2001-04-09,124.85
2001-04-10,124.48
2001-04-11,124.82
2001-04-12,123.51
2001-04-13,124.15
2001-04-16,124.64
2001-04-17,123.67
2001-04-18,122.35
2001-04-19,121.87
2001-04-20,122.52
2001-04-23,121.68
2001-04-24,122.08
2001-04-25,122.21
2001-04-26,123.13
2001-04-27,123.76
2001-04-30,123.57
2001-05-01,121.92
2001-05-02,121.72
2001-05-03,121.19
2001-05-04,121.05
2001-05-07,121.34
2001-05-08,121.66
2001-05-09,122.25
2001-05-10,122.71
2001-05-11,122.50
2001-05-14,123.12
2001-05-15,123.26
2001-05-16,123.59
2001-05-17,122.68
2001-05-18,123.67
2001-05-21,122.91
2001-05-22,122.79
2001-05-23,120.39
2001-05-24,120.15
2001-05-25,120.75
2001-05-28,.
2001-05-29,120.10
2001-05-30,120.27
2001-05-31,118.88
2001-06-01,119.13
2001-06-04,119.50
2001-06-05,120.27
2001-06-06,120.35
2001-06-07,119.91
2001-06-08,120.60
2001-06-11,122.02
2001-06-12,121.74
2001-06-13,121.89
2001-06-14,121.42
2001-06-15,122.97
2001-06-18,123.20
2001-06-19,122.97
2001-06-20,123.30
2001-06-21,124.40
2001-06-22,124.25
2001-06-25,124.02
2001-06-26,123.82
2001-06-27,124.25
2001-06-28,124.63
2001-06-29,124.73
2001-07-02,124.22
2001-07-03,124.48
2001-07-04,.
2001-07-05,125.77
2001-07-06,125.85
2001-07-09,125.43
2001-07-10,125.53
2001-07-11,124.06
2001-07-12,124.10
2001-07-13,124.75
2001-07-16,125.44
2001-07-17,124.89
2001-07-18,124.35
2001-07-19,123.61
2001-07-20,122.85
2001-07-23,124.19
2001-07-24,124.00
2001-07-25,123.64
2001-07-26,123.83
2001-07-27,123.29
2001-07-30,125.18
2001-07-31,125.00
2001-08-01,124.87
2001-08-02,123.72
2001-08-03,123.46
2001-08-06,123.85
2001-08-07,123.83
2001-08-08,123.20
2001-08-09,123.03
2001-08-10,121.97
2001-08-13,122.46
2001-08-14,121.60
2001-08-15,119.92
2001-08-16,120.11
2001-08-17,120.37
2001-08-20,120.72
2001-08-21,119.91
2001-08-22,119.91
2001-08-23,119.84
2001-08-24,120.13
2001-08-27,120.12
2001-08-28,120.48
2001-08-29,119.79
2001-08-30,119.40
2001-08-31,118.75
2001-09-03,.
2001-09-04,119.49
2001-09-05,120.76
2001-09-06,120.95
2001-09-07,120.07
2001-09-10,121.08
2001-09-11,.
2001-09-12,119.53
2001-09-13,118.81
2001-09-14,117.38
2001-09-17,117.59
2001-09-18,117.32
2001-09-19,117.30
2001-09-20,115.89
2001-09-21,116.73
2001-09-24,117.52
2001-09-25,117.78
2001-09-26,117.89
2001-09-27,119.69
2001-09-28,119.23
2001-10-01,120.27
2001-10-02,120.78
2001-10-03,120.67
2001-10-04,120.63
2001-10-05,120.37
2001-10-08,.
2001-10-09,120.20
2001-10-10,120.43
2001-10-11,121.57
2001-10-12,120.93
2001-10-15,120.94
2001-10-16,121.27
2001-10-17,121.05
2001-10-18,121.18
2001-10-19,121.15
2001-10-22,122.45
2001-10-23,122.83
2001-10-24,122.86
2001-10-25,122.72
2001-10-26,122.99
2001-10-29,122.08
2001-10-30,122.07
2001-10-31,122.54
2001-11-01,121.87
2001-11-02,121.68
2001-11-05,121.72
2001-11-06,121.15
2001-11-07,121.05
2001-11-08,119.98
2001-11-09,120.25
2001-11-12,.
2001-11-13,121.45
2001-11-14,121.67
2001-11-15,122.40
2001-11-16,122.67
2001-11-19,123.27
2001-11-20,122.62
2001-11-21,123.19
2001-11-22,.
2001-11-23,124.44
2001-11-26,124.20
2001-11-27,124.17
2001-11-28,123.29
2001-11-29,123.82
2001-11-30,123.22
2001-12-03,123.90
2001-12-04,124.28
2001-12-05,124.40
2001-12-06,124.83
2001-12-07,125.66
2001-12-10,126.27
2001-12-11,126.23
2001-12-12,126.52
2001-12-13,126.32
2001-12-14,127.24
2001-12-17,127.54
2001-12-18,127.97
2001-12-19,128.20
2001-12-20,128.55
2001-12-21,129.48
2001-12-24,129.90
2001-12-25,.
2001-12-26,130.79
2001-12-27,131.47
2001-12-28,131.30
2001-12-31,131.04
2002-01-01,.
2002-01-02,132.02
2002-01-03,131.76
2002-01-04,131.02
2002-01-07,130.93
2002-01-08,132.53
2002-01-09,132.62
2002-01-10,132.61
2002-01-11,132.17
2002-01-14,131.83
2002-01-15,131.14
2002-01-16,131.77
2002-01-17,132.13
2002-01-18,132.64
2002-01-21,.
2002-01-22,133.98
2002-01-23,134.25
2002-01-24,134.64
2002-01-25,134.47
2002-01-28,133.43
2002-01-29,133.51
2002-01-30,132.84
2002-01-31,134.06
2002-02-01,133.77
2002-02-04,132.71
2002-02-05,133.90
2002-02-06,133.72
2002-02-07,133.49
2002-02-08,134.77
2002-02-11,133.62
2002-02-12,132.82
2002-02-13,133.23
2002-02-14,132.26
2002-02-15,132.76
2002-02-18,.
2002-02-19,133.45
2002-02-20,133.76
2002-02-21,134.27
2002-02-22,133.85
2002-02-25,133.89
2002-02-26,134.35
2002-02-27,134.63
2002-02-28,133.96
2002-03-01,133.35
2002-03-04,132.20
2002-03-05,132.31
2002-03-06,130.85
2002-03-07,127.07
2002-03-08,128.21
2002-03-11,128.08
2002-03-12,128.67
2002-03-13,129.43
2002-03-14,128.94
2002-03-15,129.10
2002-03-18,131.27
2002-03-19,132.30
2002-03-20,131.60
2002-03-21,131.86
2002-03-22,132.88
2002-03-25,133.46
2002-03-26,132.78
2002-03-27,132.61
2002-03-28,132.61
2002-03-29,132.70
2002-04-01,133.32
2002-04-02,133.40
2002-04-03,132.65
2002-04-04,132.30
2002-04-05,131.73
2002-04-08,131.27
2002-04-09,131.03
2002-04-10,130.75
2002-04-11,131.55
2002-04-12,132.09
2002-04-15,131.95
2002-04-16,131.19
2002-04-17,130.70
2002-04-18,129.84
2002-04-19,130.50
2002-04-22,129.90
2002-04-23,129.89
2002-04-24,129.76
2002-04-25,128.40
2002-04-26,128.18
2002-04-29,128.13
2002-04-30,128.45
2002-05-01,127.45
2002-05-02,128.02
2002-05-03,127.21
2002-05-06,127.27
2002-05-07,127.80
2002-05-08,128.64
2002-05-09,128.36
2002-05-10,127.89
2002-05-13,127.69
2002-05-14,128.66
2002-05-15,127.92
2002-05-16,128.19
2002-05-17,126.03
2002-05-20,125.64
2002-05-21,123.83
2002-05-22,124.16
2002-05-23,124.84
2002-05-24,124.71
2002-05-27,.
2002-05-28,124.38
2002-05-29,124.35
2002-05-30,123.08
2002-05-31,124.13
2002-06-03,123.69
2002-06-04,123.95
2002-06-05,124.40
2002-06-06,124.34
2002-06-07,124.49
2002-06-10,124.60
2002-06-11,125.56
2002-06-12,125.64
2002-06-13,125.12
2002-06-14,124.25
2002-06-17,124.37
2002-06-18,124.56
2002-06-19,124.04
2002-06-20,123.33
2002-06-21,121.23
2002-06-24,121.28
2002-06-25,121.90
2002-06-26,119.83
2002-06-27,119.38
2002-06-28,119.85
2002-07-01,120.04
2002-07-02,120.13
2002-07-03,119.77
2002-07-04,.
2002-07-05,120.19
2002-07-08,118.66
2002-07-09,117.85
2002-07-10,117.94
2002-07-11,116.62
2002-07-12,116.73
2002-07-15,116.06
2002-07-16,115.71
2002-07-17,116.24
2002-07-18,117.02
2002-07-19,115.73
2002-07-22,116.22
2002-07-23,117.35
2002-07-24,116.33
2002-07-25,116.87
2002-07-26,118.78
2002-07-29,119.87
2002-07-30,119.90
2002-07-31,119.77
2002-08-01,119.10
2002-08-02,118.98
2002-08-05,119.26
2002-08-06,121.14
2002-08-07,120.37
2002-08-08,121.04
2002-08-09,120.15
2002-08-12,118.85
2002-08-13,119.08
2002-08-14,116.53
2002-08-15,117.28
2002-08-16,117.51
2002-08-19,118.53
2002-08-20,118.84
2002-08-21,118.54
2002-08-22,119.85
2002-08-23,119.53
2002-08-26,119.54
2002-08-27,118.31
2002-08-28,118.31
2002-08-29,118.34
2002-08-30,118.76
2002-09-02,.
2002-09-03,117.12
2002-09-04,118.01
2002-09-05,118.34
2002-09-06,118.48
2002-09-09,118.85
2002-09-10,119.78
2002-09-11,120.64
2002-09-12,120.68
2002-09-13,121.50
2002-09-16,122.17
2002-09-17,122.64
2002-09-18,121.49
2002-09-19,121.48
2002-09-20,123.16
2002-09-23,123.93
2002-09-24,123.38
2002-09-25,122.72
2002-09-26,122.59
2002-09-27,122.86
2002-09-30,121.74
2002-10-01,122.73
2002-10-02,123.21
2002-10-03,123.04
2002-10-04,123.02
2002-10-07,124.44
2002-10-08,124.26
2002-10-09,123.55
2002-10-10,123.64
2002-10-11,124.04
2002-10-14,.
2002-10-15,124.66
2002-10-16,124.30
2002-10-17,124.80
2002-10-18,125.52
2002-10-21,124.71
2002-10-22,125.09
2002-10-23,124.17
2002-10-24,124.77
2002-10-25,124.14
2002-10-28,123.64
2002-10-29,122.55
2002-10-30,122.91
2002-10-31,122.78
2002-11-01,122.16
2002-11-04,122.46
2002-11-05,121.84
2002-11-06,122.22
2002-11-07,121.26
2002-11-08,119.72
2002-11-11,.
2002-11-12,119.57
2002-11-13,120.28
2002-11-14,120.45
2002-11-15,120.37
2002-11-18,121.15
2002-11-19,121.65
2002-11-20,122.52
2002-11-21,122.92
2002-11-22,122.84
2002-11-25,122.32
2002-11-26,121.89
2002-11-27,122.21
2002-11-28,.
2002-11-29,122.72
2002-12-02,124.61
2002-12-03,124.42
2002-12-04,124.84
2002-12-05,124.99
2002-12-06,123.69
2002-12-09,123.36
2002-12-10,123.66
2002-12-11,123.46
2002-12-12,122.75
2002-12-13,120.71
2002-12-16,121.28
2002-12-17,121.27
2002-12-18,121.12
2002-12-19,120.86
2002-12-20,120.52
2002-12-23,120.77
2002-12-24,120.27
2002-12-25,.
2002-12-26,120.12
2002-12-27,119.92
2002-12-30,118.38
2002-12-31,118.75
2003-01-01,.
2003-01-02,119.86
2003-01-03,119.85
2003-01-06,119.06
2003-01-07,120.18
2003-01-08,119.35
2003-01-09,119.57
2003-01-10,119.44
2003-01-13,119.03
2003-01-14,117.96
2003-01-15,117.91
2003-01-16,118.02
2003-01-17,117.88
2003-01-20,.
2003-01-21,118.57
2003-01-22,118.15
2003-01-23,117.83
2003-01-24,117.80
2003-01-27,118.64
2003-01-28,118.67
2003-01-29,118.13
2003-01-30,119.22
2003-01-31,119.96
2003-02-03,120.47
2003-02-04,119.75
2003-02-05,119.78
2003-02-06,119.93
2003-02-07,120.40
2003-02-10,121.25
2003-02-11,121.19
2003-02-12,121.30
2003-02-13,120.49
2003-02-14,120.41
2003-02-17,.
2003-02-18,118.93
2003-02-19,118.65
2003-02-20,118.18
2003-02-21,118.78
2003-02-24,117.78
2003-02-25,117.14
2003-02-26,117.19
2003-02-27,117.58
2003-02-28,118.22
2003-03-03,117.93
2003-03-04,117.96
2003-03-05,117.32
2003-03-06,117.22
2003-03-07,116.47
2003-03-10,116.55
2003-03-11,117.07
2003-03-12,117.18
2003-03-13,118.31
2003-03-14,118.59
2003-03-17,118.45
2003-03-18,118.90
2003-03-19,120.13
2003-03-20,120.05
2003-03-21,121.42
2003-03-24,120.69
2003-03-25,120.03
2003-03-26,120.13
2003-03-27,119.78
2003-03-28,120.18
2003-03-31,118.07
2003-04-01,118.25
2003-04-02,119.17
2003-04-03,119.55
2003-04-04,120.05
2003-04-07,120.41
2003-04-08,119.91
2003-04-09,120.55
2003-04-10,119.58
2003-04-11,120.47
2003-04-14,120.30
2003-04-15,120.20
2003-04-16,120.04
2003-04-17,119.30
2003-04-18,119.72
2003-04-21,120.55
2003-04-22,119.68
2003-04-23,120.33
2003-04-24,119.83
2003-04-25,120.25
2003-04-28,120.34
2003-04-29,120.14
2003-04-30,119.07
2003-05-01,118.56
2003-05-02,119.10
2003-05-05,118.64
2003-05-06,117.94
2003-05-07,116.51
2003-05-08,116.65
2003-05-09,117.20
2003-05-12,116.94
2003-05-13,116.56
2003-05-14,116.16
2003-05-15,115.94
2003-05-16,116.01
2003-05-19,116.58
2003-05-20,116.77
2003-05-21,117.23
2003-05-22,117.25
2003-05-23,116.89
2003-05-26,.
2003-05-27,117.12
2003-05-28,118.73
2003-05-29,118.45
2003-05-30,119.50
2003-06-02,118.52
2003-06-03,119.27
2003-06-04,118.60
2003-06-05,117.61
2003-06-06,118.83
2003-06-09,118.11
2003-06-10,117.68
2003-06-11,117.69
2003-06-12,117.66
2003-06-13,117.46
2003-06-16,117.79
2003-06-17,118.20
2003-06-18,118.40
2003-06-19,118.74
2003-06-20,118.39
2003-06-23,117.55
2003-06-24,117.96
2003-06-25,117.54
2003-06-26,119.32
2003-06-27,119.72
2003-06-30,119.87
2003-07-01,119.45
2003-07-02,118.63
2003-07-03,118.24
2003-07-04,.
2003-07-07,118.08
2003-07-08,118.58
2003-07-09,117.85
2003-07-10,117.69
2003-07-11,117.80
2003-07-14,117.54
2003-07-15,117.24
2003-07-16,118.24
2003-07-17,118.87
2003-07-18,118.40
2003-07-21,118.35
2003-07-22,119.34
2003-07-23,118.77
2003-07-24,119.25
2003-07-25,118.82
2003-07-28,119.42
2003-07-29,119.78
2003-07-30,120.55
2003-07-31,120.42
2003-08-01,120.00
2003-08-04,120.47
2003-08-05,119.95
2003-08-06,120.33
2003-08-07,118.91
2003-08-08,119.02
2003-08-11,118.36
2003-08-12,118.53
2003-08-13,119.07
2003-08-14,119.14
2003-08-15,119.24
2003-08-18,119.43
2003-08-19,119.26
2003-08-20,118.23
2003-08-21,117.58
2003-08-22,117.58
2003-08-25,117.43
2003-08-26,117.49
2003-08-27,117.74
2003-08-28,117.44
2003-08-29,116.71
2003-09-01,.
2003-09-02,116.15
2003-09-03,116.04
2003-09-04,116.77
2003-09-05,117.06
2003-09-08,116.48
2003-09-09,116.33
2003-09-10,117.13
2003-09-11,117.07
2003-09-12,117.38
2003-09-15,117.41
2003-09-16,116.27
2003-09-17,115.99
2003-09-18,115.27
2003-09-19,113.99
2003-09-22,111.95
2003-09-23,111.65
2003-09-24,111.70
2003-09-25,111.86
2003-09-26,111.80
2003-09-29,111.07
2003-09-30,111.43
2003-10-01,110.61
2003-10-02,110.59
2003-10-03,110.90
2003-10-06,110.81
2003-10-07,109.81
2003-10-08,109.55
2003-10-09,109.34
2003-10-10,108.57
2003-10-13,.
2003-10-14,109.29
2003-10-15,109.56
2003-10-16,109.36
2003-10-17,109.57
2003-10-20,110.22
2003-10-21,109.69
2003-10-22,108.95
2003-10-23,109.59
2003-10-24,109.23
2003-10-27,108.38
2003-10-28,108.33
2003-10-29,108.18
2003-10-30,108.27
2003-10-31,110.10
2003-11-03,111.20
2003-11-04,109.60
2003-11-05,109.91
2003-11-06,110.15
2003-11-07,109.29
2003-11-10,107.98
2003-11-11,.
2003-11-12,108.55
2003-11-13,108.33
2003-11-14,108.43
2003-11-17,108.98
2003-11-18,108.11
2003-11-19,109.06
2003-11-20,108.99
2003-11-21,108.87
2003-11-24,109.39
2003-11-25,109.72
2003-11-26,109.11
2003-11-27,.
2003-11-28,109.53
2003-12-01,109.61
2003-12-02,108.82
2003-12-03,108.17
2003-12-04,108.19
2003-12-05,107.78
2003-12-08,107.23
2003-12-09,107.30
2003-12-10,108.40
2003-12-11,108.23
2003-12-12,107.73
2003-12-15,107.52
2003-12-16,107.60
2003-12-17,107.42
2003-12-18,107.92
2003-12-19,107.94
2003-12-22,107.40
2003-12-23,107.44
2003-12-24,107.29
2003-12-25,.
2003-12-26,107.18
2003-12-29,106.93
2003-12-30,107.00
2003-12-31,107.13
2004-01-01,.
2004-01-02,106.95
2004-01-05,106.10
2004-01-06,106.20
2004-01-07,106.19
2004-01-08,106.17
2004-01-09,106.54
2004-01-12,106.48
2004-01-13,106.25
2004-01-14,106.06
2004-01-15,106.10
2004-01-16,106.87
2004-01-19,.
2004-01-20,107.17
2004-01-21,106.84
2004-01-22,106.08
2004-01-23,106.21
2004-01-26,106.15
2004-01-27,105.56
2004-01-28,105.52
2004-01-29,106.09
2004-01-30,105.84
2004-02-02,105.59
2004-02-03,105.36
2004-02-04,105.53
2004-02-05,105.52
2004-02-06,105.57
2004-02-09,105.68
2004-02-10,105.55
2004-02-11,105.37
2004-02-12,105.42
2004-02-13,105.60
2004-02-16,.
2004-02-17,105.80
2004-02-18,106.37
2004-02-19,107.09
2004-02-20,108.83
2004-02-23,108.22
2004-02-24,108.11
2004-02-25,108.99
2004-02-26,109.59
2004-02-27,109.26
2004-03-01,108.93
2004-03-02,110.27
2004-03-03,110.25
2004-03-04,110.74
2004-03-05,111.42
2004-03-08,112.12
2004-03-09,111.20
2004-03-10,111.04
2004-03-11,110.89
2004-03-12,110.82
2004-03-15,110.48
2004-03-16,108.95
2004-03-17,108.18
2004-03-18,106.60
2004-03-19,106.97
2004-03-22,106.84
2004-03-23,106.63
2004-03-24,106.23
2004-03-25,106.06
2004-03-26,105.93
2004-03-29,105.52
2004-03-30,105.61
2004-03-31,104.18
2004-04-01,103.70
2004-04-02,104.55
2004-04-05,105.36
2004-04-06,105.90
2004-04-07,105.20
2004-04-08,106.10
2004-04-09,106.45
2004-04-12,105.50
2004-04-13,106.96
2004-04-14,108.53
2004-04-15,108.58
2004-04-16,107.69
2004-04-19,108.50
2004-04-20,108.43
2004-04-21,109.55
2004-04-22,109.85
2004-04-23,109.38
2004-04-26,108.55
2004-04-27,109.48
2004-04-28,109.85
2004-04-29,109.96
2004-04-30,110.37
2004-05-03,110.34
2004-05-04,110.02
2004-05-05,108.50
2004-05-06,109.58
2004-05-07,112.30
2004-05-10,114.03
2004-05-11,113.67
2004-05-12,113.21
2004-05-13,114.25
2004-05-14,114.30
2004-05-17,114.10
2004-05-18,114.06
2004-05-19,112.77
2004-05-20,113.18
2004-05-21,112.09
2004-05-24,112.66
2004-05-25,112.21
2004-05-26,111.70
2004-05-27,110.77
2004-05-28,110.18
2004-05-31,.
2004-06-01,110.45
2004-06-02,110.28
2004-06-03,111.14
2004-06-04,111.27
2004-06-07,109.61
2004-06-08,109.77
2004-06-09,109.74
2004-06-10,109.33
2004-06-11,110.09
2004-06-14,111.15
2004-06-15,109.59
2004-06-16,110.15
2004-06-17,109.63
2004-06-18,108.65
2004-06-21,108.57
2004-06-22,109.00
2004-06-23,108.64
2004-06-24,107.10
2004-06-25,107.82
2004-06-28,107.95
2004-06-29,108.18
2004-06-30,109.43
2004-07-01,108.24
2004-07-02,108.60
2004-07-05,.
2004-07-06,109.24
2004-07-07,108.38
2004-07-08,108.76
2004-07-09,108.21
2004-07-12,108.24
2004-07-13,109.37
2004-07-14,109.13
2004-07-15,109.52
2004-07-16,108.77
2004-07-19,108.28
2004-07-20,108.38
2004-07-21,110.10
2004-07-22,109.68
2004-07-23,110.11
2004-07-26,110.08
2004-07-27,111.09
2004-07-28,111.78
2004-07-29,111.88
2004-07-30,111.39
2004-08-02,111.08
2004-08-03,110.60
2004-08-04,111.29
2004-08-05,111.53
2004-08-06,110.05
2004-08-09,110.57
2004-08-10,110.79
2004-08-11,110.78
2004-08-12,111.14
2004-08-13,110.67
2004-08-16,110.64
2004-08-17,110.07
2004-08-18,109.71
2004-08-19,109.34
2004-08-20,109.32
2004-08-23,109.47
2004-08-24,109.63
2004-08-25,110.38
2004-08-26,109.73
2004-08-27,109.51
2004-08-30,109.84
2004-08-31,109.00
2004-09-01,109.62
2004-09-02,109.52
2004-09-03,110.47
2004-09-06,.
2004-09-07,109.32
2004-09-08,109.22
2004-09-09,109.69
2004-09-10,109.33
2004-09-13,110.13
2004-09-14,109.40
2004-09-15,110.34
2004-09-16,109.75
2004-09-17,109.97
2004-09-20,109.87
2004-09-21,109.94
2004-09-22,110.53
2004-09-23,110.39
2004-09-24,110.72
2004-09-27,111.13
2004-09-28,111.48
2004-09-29,110.90
2004-09-30,110.20
2004-10-01,110.45
2004-10-04,111.13
2004-10-05,111.21
2004-10-06,111.34
2004-10-07,111.15
2004-10-08,109.44
2004-10-11,.
2004-10-12,109.79
2004-10-13,109.78
2004-10-14,109.60
2004-10-15,109.14
2004-10-18,109.23
2004-10-19,108.36
2004-10-20,108.16
2004-10-21,107.43
2004-10-22,107.42
2004-10-25,106.61
2004-10-26,106.63
2004-10-27,106.67
2004-10-28,106.09
2004-10-29,106.04
2004-11-01,106.41
2004-11-02,106.29
2004-11-03,106.20
2004-11-04,106.02
2004-11-05,105.60
2004-11-08,105.57
2004-11-09,105.57
2004-11-10,106.91
2004-11-11,.
2004-11-12,105.53
2004-11-15,105.53
2004-11-16,105.35
2004-11-17,104.18
2004-11-18,104.23
2004-11-19,102.80
2004-11-22,103.20
2004-11-23,103.42
2004-11-24,102.94
2004-11-25,.
2004-11-26,102.58
2004-11-29,102.61
2004-11-30,103.04
2004-12-01,102.78
2004-12-02,103.11
2004-12-03,102.56
2004-12-06,102.68
2004-12-07,102.74
2004-12-08,104.74
2004-12-09,104.93
2004-12-10,105.45
2004-12-13,104.67
2004-12-14,105.59
2004-12-15,104.02
2004-12-16,104.36
2004-12-17,104.28
2004-12-20,104.01
2004-12-21,104.33
2004-12-22,103.95
2004-12-23,103.71
2004-12-24,103.65
2004-12-27,102.97
2004-12-28,103.13
2004-12-29,104.19
2004-12-30,103.11
2004-12-31,102.68
2005-01-03,102.83
2005-01-04,104.27
2005-01-05,103.95
2005-01-06,104.87
2005-01-07,104.93
2005-01-10,104.32
2005-01-11,103.42
2005-01-12,102.26
2005-01-13,102.55
2005-01-14,102.50
2005-01-17,.
2005-01-18,102.36
2005-01-19,102.52
2005-01-20,103.31
2005-01-21,102.85
2005-01-24,102.67
2005-01-25,104.16
2005-01-26,102.90
2005-01-27,103.15
2005-01-28,103.45
2005-01-31,103.55
2005-02-01,103.93
2005-02-02,104.05
2005-02-03,104.55
2005-02-04,103.70
2005-02-07,104.68
2005-02-08,105.65
2005-02-09,105.84
2005-02-10,105.69
2005-02-11,105.75
2005-02-14,104.94
2005-02-15,104.47
2005-02-16,105.62
2005-02-17,105.40
2005-02-18,105.69
2005-02-21,.
2005-02-22,104.15
2005-02-23,104.96
2005-02-24,105.41
2005-02-25,105.21
2005-02-28,104.25
2005-03-01,104.37
2005-03-02,104.71
2005-03-03,105.02
2005-03-04,104.46
2005-03-07,105.22
2005-03-08,104.51
2005-03-09,103.87
2005-03-10,104.15
2005-03-11,103.93
2005-03-14,105.01
2005-03-15,104.54
2005-03-16,104.10
2005-03-17,104.57
2005-03-18,104.70
2005-03-21,105.10
2005-03-22,104.99
2005-03-23,105.76
2005-03-24,106.26
2005-03-25,106.32
2005-03-28,107.22
2005-03-29,107.49
2005-03-30,107.33
2005-03-31,107.22
2005-04-01,107.57
2005-04-04,108.28
2005-04-05,108.43
2005-04-06,108.67
2005-04-07,108.44
2005-04-08,108.26
2005-04-11,107.79
2005-04-12,108.26
2005-04-13,107.32
2005-04-14,108.18
2005-04-15,107.65
2005-04-18,107.39
2005-04-19,107.02
2005-04-20,106.82
2005-04-21,106.85
2005-04-22,105.85
2005-04-25,105.67
2005-04-26,106.03
2005-04-27,105.98
2005-04-28,105.97
2005-04-29,104.64
2005-05-02,105.07
2005-05-03,105.16
2005-05-04,104.77
2005-05-05,104.41
2005-05-06,104.93
2005-05-09,105.54
2005-05-10,105.53
2005-05-11,105.74
2005-05-12,106.68
2005-05-13,107.14
2005-05-16,107.02
2005-05-17,107.15
2005-05-18,107.05
2005-05-19,107.43
2005-05-20,108.17
2005-05-23,107.72
2005-05-24,107.46
2005-05-25,107.73
2005-05-26,107.95
2005-05-27,107.88
2005-05-30,.
2005-05-31,107.97
2005-06-01,108.42
2005-06-02,108.31
2005-06-03,107.84
2005-06-06,106.86
2005-06-07,106.64
2005-06-08,106.89
2005-06-09,107.52
2005-06-10,108.45
2005-06-13,109.58
2005-06-14,109.38
2005-06-15,109.34
2005-06-16,109.08
2005-06-17,108.83
2005-06-20,109.42
2005-06-21,108.52
2005-06-22,108.89
2005-06-23,108.79
2005-06-24,109.22
2005-06-27,109.39
2005-06-28,109.89
2005-06-29,110.27
2005-06-30,110.91
2005-07-01,111.68
2005-07-04,.
2005-07-05,111.61
2005-07-06,112.07
2005-07-07,112.08
2005-07-08,112.17
2005-07-11,111.76
2005-07-12,110.94
2005-07-13,112.08
2005-07-14,112.14
2005-07-15,112.32
2005-07-18,111.62
2005-07-19,112.95
2005-07-20,113.42
2005-07-21,110.47
2005-07-22,110.98
2005-07-25,111.59
2005-07-26,112.30
2005-07-27,112.30
2005-07-28,112.34
2005-07-29,112.25
2005-08-01,112.12
2005-08-02,111.28
2005-08-03,111.05
2005-08-04,111.17
2005-08-05,112.09
2005-08-08,111.87
2005-08-09,112.07
2005-08-10,110.67
2005-08-11,109.92
2005-08-12,109.55
2005-08-15,109.40
2005-08-16,109.37
2005-08-17,109.63
2005-08-18,110.54
2005-08-19,110.68
2005-08-22,109.75
2005-08-23,109.83
2005-08-24,110.35
2005-08-25,109.90
2005-08-26,109.85
2005-08-29,110.53
2005-08-30,111.49
2005-08-31,110.84
2005-09-01,110.16
2005-09-02,109.66
2005-09-05,.
2005-09-06,109.67
2005-09-07,110.06
2005-09-08,110.49
2005-09-09,109.69
2005-09-12,109.91
2005-09-13,110.85
2005-09-14,110.27
2005-09-15,110.48
2005-09-16,111.38
2005-09-19,111.30
2005-09-20,111.54
2005-09-21,111.33
2005-09-22,111.63
2005-09-23,112.17
2005-09-26,112.41
2005-09-27,113.32
2005-09-28,113.27
2005-09-29,113.14
2005-09-30,113.29
2005-10-03,114.17
2005-10-04,114.33
2005-10-05,113.72
2005-10-06,113.54
2005-10-07,113.82
2005-10-10,.
2005-10-11,114.21
2005-10-12,114.36
2005-10-13,114.97
2005-10-14,114.03
2005-10-17,114.86
2005-10-18,115.71
2005-10-19,115.47
2005-10-20,115.48
2005-10-21,115.93
2005-10-24,115.18
2005-10-25,114.78
2005-10-26,115.81
2005-10-27,115.14
2005-10-28,115.52
2005-10-31,116.36
2005-11-01,116.63
2005-11-02,116.76
2005-11-03,117.21
2005-11-04,118.20
2005-11-07,117.57
2005-11-08,117.10
2005-11-09,117.51
2005-11-10,118.05
2005-11-11,.
2005-11-14,118.88
2005-11-15,118.93
2005-11-16,119.17
2005-11-17,118.81
2005-11-18,119.21
2005-11-21,119.03
2005-11-22,119.22
2005-11-23,118.76
2005-11-24,.
2005-11-25,119.65
2005-11-28,119.25
2005-11-29,119.48
2005-11-30,119.66
2005-12-01,120.62
2005-12-02,120.77
2005-12-05,120.83
2005-12-06,120.82
2005-12-07,120.93
2005-12-08,120.27
2005-12-09,120.54
2005-12-12,119.90
2005-12-13,120.11
2005-12-14,116.81
2005-12-15,116.55
2005-12-16,115.78
2005-12-19,116.01
2005-12-20,117.01
2005-12-21,117.40
2005-12-22,116.55
2005-12-23,116.38
2005-12-26,.
2005-12-27,117.07
2005-12-28,117.62
2005-12-29,117.86
2005-12-30,117.88
2006-01-02,.
2006-01-03,116.34
2006-01-04,116.31
2006-01-05,115.96
2006-01-06,114.45
2006-01-09,114.66
2006-01-10,114.64
2006-01-11,113.96
2006-01-12,114.31
2006-01-13,114.43
2006-01-16,.
2006-01-17,115.83
2006-01-18,115.35
2006-01-19,115.07
2006-01-20,115.42
2006-01-23,114.67
2006-01-24,114.54
2006-01-25,115.73
2006-01-26,116.27
2006-01-27,117.16
2006-01-30,117.55
2006-01-31,116.88
2006-02-01,117.85
2006-02-02,118.26
2006-02-03,118.95
2006-02-06,118.94
2006-02-07,118.01
2006-02-08,118.69
2006-02-09,118.66
2006-02-10,117.64
2006-02-13,117.63
2006-02-14,117.43
2006-02-15,117.93
2006-02-16,117.91
2006-02-17,118.43
2006-02-20,.
2006-02-21,118.85
2006-02-22,118.51
2006-02-23,117.00
2006-02-24,116.87
2006-02-27,115.97
2006-02-28,115.82
2006-03-01,116.18
2006-03-02,116.07
2006-03-03,116.46
2006-03-06,117.46
2006-03-07,117.76
2006-03-08,117.90
2006-03-09,117.96
2006-03-10,119.07
2006-03-13,119.01
2006-03-14,117.36
2006-03-15,117.30
2006-03-16,117.13
2006-03-17,115.89
2006-03-20,116.25
2006-03-21,117.23
2006-03-22,116.72
2006-03-23,117.60
2006-03-24,117.50
2006-03-27,116.62
2006-03-28,117.23
2006-03-29,117.80
2006-03-30,117.41
2006-03-31,117.48
2006-04-03,117.82
2006-04-04,117.44
2006-04-05,117.59
2006-04-06,117.72
2006-04-07,118.31
2006-04-10,118.66
2006-04-11,118.61
2006-04-12,118.47
2006-04-13,118.42
2006-04-14,118.65
2006-04-17,117.68
2006-04-18,117.75
2006-04-19,117.58
2006-04-20,117.49
2006-04-21,116.91
2006-04-24,114.93
2006-04-25,114.83
2006-04-26,114.72
2006-04-27,114.02
2006-04-28,113.79
2006-05-01,113.06
2006-05-02,113.26
2006-05-03,113.44
2006-05-04,113.46
2006-05-05,112.45
2006-05-08,111.55
2006-05-09,111.31
2006-05-10,110.55
2006-05-11,110.26
2006-05-12,110.49
2006-05-15,110.21
2006-05-16,110.07
2006-05-17,110.60
2006-05-18,110.89
2006-05-19,111.76
2006-05-22,111.62
2006-05-23,111.35
2006-05-24,112.80
2006-05-25,111.92
2006-05-26,112.58
2006-05-29,.
2006-05-30,112.18
2006-05-31,112.26
2006-06-01,112.43
2006-06-02,111.66
2006-06-05,111.70
2006-06-06,113.26
2006-06-07,113.35
2006-06-08,114.22
2006-06-09,113.89
2006-06-12,114.17
2006-06-13,115.06
2006-06-14,114.85
2006-06-15,115.06
2006-06-16,115.12
2006-06-19,115.26
2006-06-20,115.02
2006-06-21,114.76
2006-06-22,115.94
2006-06-23,116.26
2006-06-26,116.38
2006-06-27,116.26
2006-06-28,116.42
2006-06-29,116.17
2006-06-30,114.51
2006-07-03,114.92
2006-07-04,.
2006-07-05,115.65
2006-07-06,115.18
2006-07-07,113.98
2006-07-10,113.97
2006-07-11,114.15
2006-07-12,115.41
2006-07-13,115.45
2006-07-14,116.33
2006-07-17,117.08
2006-07-18,117.44
2006-07-19,117.08
2006-07-20,116.83
2006-07-21,116.34
2006-07-24,116.65
2006-07-25,117.30
2006-07-26,116.85
2006-07-27,115.55
2006-07-28,114.74
2006-07-31,114.44
2006-08-01,114.96
2006-08-02,114.54
2006-08-03,115.27
2006-08-04,114.21
2006-08-07,114.85
2006-08-08,115.01
2006-08-09,115.14
2006-08-10,115.59
2006-08-11,116.18
2006-08-14,116.53
2006-08-15,115.96
2006-08-16,115.71
2006-08-17,115.44
2006-08-18,115.79
2006-08-21,115.86
2006-08-22,116.61
2006-08-23,116.43
2006-08-24,116.38
2006-08-25,117.31
2006-08-28,117.15
2006-08-29,116.92
2006-08-30,117.07
2006-08-31,117.35
2006-09-01,117.21
2006-09-04,.
2006-09-05,116.04
2006-09-06,116.73
2006-09-07,116.30
2006-09-08,116.89
2006-09-11,117.57
2006-09-12,117.82
2006-09-13,117.47
2006-09-14,117.47
2006-09-15,117.72
2006-09-18,118.02
2006-09-19,117.60
2006-09-20,117.29
2006-09-21,116.76
2006-09-22,116.45
2006-09-25,116.43
2006-09-26,117.16
2006-09-27,117.53
2006-09-28,117.84
2006-09-29,117.99
2006-10-02,117.66
2006-10-03,117.84
2006-10-04,118.02
2006-10-05,117.69
2006-10-06,118.89
2006-10-09,.
2006-10-10,119.68
2006-10-11,119.49
2006-10-12,119.53
2006-10-13,119.81
2006-10-16,119.25
2006-10-17,118.63
2006-10-18,119.09
2006-10-19,118.35
2006-10-20,118.73
2006-10-23,119.32
2006-10-24,119.25
2006-10-25,119.13
2006-10-26,118.62
2006-10-27,117.61
2006-10-30,117.38
2006-10-31,116.82
2006-11-01,117.01
2006-11-02,117.12
2006-11-03,118.06
2006-11-06,118.40
2006-11-07,117.44
2006-11-08,117.74
2006-11-09,117.92
2006-11-10,117.47
2006-11-13,118.14
2006-11-14,117.72
2006-11-15,118.06
2006-11-16,118.12
2006-11-17,117.73
2006-11-20,118.16
2006-11-21,118.00
2006-11-22,116.61
2006-11-23,.
2006-11-24,115.93
2006-11-27,116.12
2006-11-28,116.14
2006-11-29,116.29
2006-11-30,115.55
2006-12-01,115.33
2006-12-04,115.37
2006-12-05,114.98
2006-12-06,115.07
2006-12-07,115.13
2006-12-08,116.23
2006-12-11,117.02
2006-12-12,117.15
2006-12-13,117.43
2006-12-14,117.61
2006-12-15,117.84
2006-12-18,118.14
2006-12-19,117.93
2006-12-20,118.39
2006-12-21,118.26
2006-12-22,118.90
2006-12-25,.
2006-12-26,118.93
2006-12-27,118.76
2006-12-28,118.95
2006-12-29,119.02
2007-01-01,.
2007-01-02,118.83
2007-01-03,119.58
2007-01-04,119.28
2007-01-05,118.77
2007-01-08,118.49
2007-01-09,119.45
2007-01-10,119.52
2007-01-11,120.49
2007-01-12,120.36
2007-01-15,.
2007-01-16,120.64
2007-01-17,120.54
2007-01-18,121.32
2007-01-19,121.22
2007-01-22,121.56
2007-01-23,121.54
2007-01-24,120.77
2007-01-25,120.97
2007-01-26,121.53
2007-01-29,121.81
2007-01-30,121.70
2007-01-31,121.02
2007-02-01,120.67
2007-02-02,121.02
2007-02-05,120.34
2007-02-06,120.35
2007-02-07,120.65
2007-02-08,121.19
2007-02-09,121.59
2007-02-12,121.77
2007-02-13,121.24
2007-02-14,120.80
2007-02-15,119.49
2007-02-16,119.23
2007-02-19,.
2007-02-20,120.10
2007-02-21,120.99
2007-02-22,121.30
2007-02-23,121.10
2007-02-26,120.76
2007-02-27,118.67
2007-02-28,118.33
2007-03-01,117.53
2007-03-02,116.82
2007-03-05,116.01
2007-03-06,116.50
2007-03-07,116.41
2007-03-08,117.35
2007-03-09,118.15
2007-03-12,117.51
2007-03-13,116.96
2007-03-14,116.33
2007-03-15,117.26
2007-03-16,116.77
2007-03-19,117.58
2007-03-20,117.32
2007-03-21,117.83
2007-03-22,117.79
2007-03-23,117.82
2007-03-26,117.84
2007-03-27,117.80
2007-03-28,116.83
2007-03-29,117.75
2007-03-30,117.56
2007-04-02,117.69
2007-04-03,118.83
2007-04-04,118.72
2007-04-05,118.66
2007-04-06,119.33
2007-04-09,119.28
2007-04-10,119.07
2007-04-11,119.36
2007-04-12,118.99
2007-04-13,119.27
2007-04-16,119.84
2007-04-17,118.96
2007-04-18,118.27
2007-04-19,118.36
2007-04-20,118.81
2007-04-23,118.47
2007-04-24,118.52
2007-04-25,118.62
2007-04-26,119.50
2007-04-27,119.59
2007-04-30,119.44
2007-05-01,119.77
2007-05-02,120.05
2007-05-03,120.33
2007-05-04,120.16
2007-05-07,119.96
2007-05-08,119.89
2007-05-09,119.80
2007-05-10,120.37
2007-05-11,120.19
2007-05-14,120.37
2007-05-15,120.22
2007-05-16,120.74
2007-05-17,121.30
2007-05-18,121.09
2007-05-21,121.57
2007-05-22,121.47
2007-05-23,121.52
2007-05-24,121.46
2007-05-25,121.72
2007-05-28,.
2007-05-29,121.79
2007-05-30,121.48
2007-05-31,121.76
2007-06-01,122.10
2007-06-04,121.72
2007-06-05,121.49
2007-06-06,121.08
2007-06-07,121.34
2007-06-08,121.62
2007-06-11,121.78
2007-06-12,121.76
2007-06-13,122.37
2007-06-14,122.97
2007-06-15,123.55
2007-06-18,123.67
2007-06-19,123.39
2007-06-20,123.60
2007-06-21,123.68
2007-06-22,124.09
2007-06-25,123.84
2007-06-26,123.49
2007-06-27,122.52
2007-06-28,123.01
2007-06-29,123.39
2007-07-02,122.32
2007-07-03,122.40
2007-07-04,.
2007-07-05,122.82
2007-07-06,123.27
2007-07-09,123.34
2007-07-10,122.19
2007-07-11,122.13
2007-07-12,122.50
2007-07-13,121.99
2007-07-16,121.90
2007-07-17,122.36
2007-07-18,121.83
2007-07-19,122.06
2007-07-20,121.15
2007-07-23,121.31
2007-07-24,120.57
2007-07-25,120.33
2007-07-26,119.14
2007-07-27,118.56
2007-07-30,118.41
2007-07-31,119.13
2007-08-01,118.71
2007-08-02,119.35
2007-08-03,118.43
2007-08-06,118.04
2007-08-07,118.48
2007-08-08,119.76
2007-08-09,118.69
2007-08-10,118.00
2007-08-13,118.47
2007-08-14,118.21
2007-08-15,117.19
2007-08-16,114.03
2007-08-17,113.81
2007-08-20,114.49
2007-08-21,114.42
2007-08-22,114.95
2007-08-23,115.81
2007-08-24,116.12
2007-08-27,116.05
2007-08-28,114.70
2007-08-29,115.52
2007-08-30,115.81
2007-08-31,115.83
2007-09-03,115.83
2007-09-04,116.21
2007-09-05,115.15
2007-09-06,115.33
2007-09-07,113.57
2007-09-10,113.43
2007-09-11,113.97
2007-09-12,114.24
2007-09-13,115.37
2007-09-14,115.31
2007-09-17,114.93
2007-09-18,115.75
2007-09-19,116.21
2007-09-20,114.18
2007-09-21,115.60
2007-09-24,114.92
2007-09-25,114.48
2007-09-26,115.66
2007-09-27,115.76
2007-09-28,114.97
2007-10-01,115.91
2007-10-02,115.83
2007-10-03,116.74
2007-10-04,116.59
2007-10-05,116.83
2007-10-08,116.83
2007-10-09,116.98
2007-10-10,117.17
2007-10-11,117.71
2007-10-12,117.50
2007-10-15,117.37
2007-10-16,116.61
2007-10-17,116.62
2007-10-18,115.64
2007-10-19,115.15
2007-10-22,114.07
2007-10-23,114.65
2007-10-24,113.94
2007-10-25,114.09
2007-10-26,114.01
2007-10-29,114.69
2007-10-30,114.72
2007-10-31,115.27
2007-11-01,114.87
2007-11-02,114.74
2007-11-05,114.54
2007-11-06,114.51
2007-11-07,113.29
2007-11-08,112.66
2007-11-09,110.90
2007-11-12,.
2007-11-13,110.31
2007-11-14,111.38
2007-11-15,110.78
2007-11-16,111.05
2007-11-19,110.05
2007-11-20,110.05
2007-11-21,108.54
2007-11-22,108.54
2007-11-23,108.17
2007-11-26,108.17
2007-11-27,108.64
2007-11-28,110.38
2007-11-29,109.94
2007-11-30,111.02
2007-12-03,110.44
2007-12-04,109.68
2007-12-05,110.85
2007-12-06,111.05
2007-12-07,111.72
2007-12-10,111.60
2007-12-11,111.77
2007-12-12,112.36
2007-12-13,112.26
2007-12-14,113.35
2007-12-17,113.20
2007-12-18,113.17
2007-12-19,113.44
2007-12-20,112.97
2007-12-21,113.95
2007-12-24,114.45
2007-12-25,.
2007-12-26,114.08
2007-12-27,114.00
2007-12-28,112.93
2007-12-31,111.71
2008-01-01,.
2008-01-02,109.70
2008-01-03,109.58
2008-01-04,108.38
2008-01-07,109.10
2008-01-08,109.29
2008-01-09,109.40
2008-01-10,109.38
2008-01-11,109.11
2008-01-14,108.18
2008-01-15,107.07
2008-01-16,107.27
2008-01-17,107.01
2008-01-18,106.82
2008-01-21,.
2008-01-22,106.76
2008-01-23,105.42
2008-01-24,106.68
2008-01-25,107.31
2008-01-28,106.65
2008-01-29,107.08
2008-01-30,107.25
2008-01-31,106.74
2008-02-01,106.30
2008-02-04,106.73
2008-02-05,106.94
2008-02-06,106.7500
2008-02-07,106.8200
2008-02-08,107.3400
2008-02-11,106.6400
2008-02-12,107.4200
2008-02-13,108.1500
2008-02-14,107.9700
2008-02-15,107.6700
2008-02-18,.
2008-02-19,107.5000
2008-02-20,107.9700
2008-02-21,107.6000
2008-02-22,106.9800
2008-02-25,107.8800
2008-02-26,107.7300
2008-02-27,106.3800
2008-02-28,105.6400
2008-02-29,104.1900
2008-03-03,103.5700
2008-03-04,102.6700
2008-03-05,103.9900
2008-03-06,103.1000
2008-03-07,102.6900
2008-03-10,101.8000
2008-03-11,102.8700
2008-03-12,102.3800
2008-03-13,100.5800
2008-03-14,100.2000
2008-03-17,96.8800
2008-03-18,98.2300
2008-03-19,99.3400
2008-03-20,98.7900
2008-03-21,99.4000
2008-03-24,100.7700
2008-03-25,100.0700
2008-03-26,99.1200
2008-03-27,99.8700
2008-03-28,99.7100
2008-03-31,99.8500
2008-04-01,101.7700
2008-04-02,102.7700
2008-04-03,102.2100
2008-04-04,101.7500
2008-04-07,102.6200
2008-04-08,102.5500
2008-04-09,101.8300
2008-04-10,101.7100
2008-04-11,101.0900
2008-04-14,100.8700
2008-04-15,101.3300
2008-04-16,101.4000
2008-04-17,102.2200
2008-04-18,104.5600
2008-04-21,103.3800
2008-04-22,102.7000
2008-04-23,103.5500
2008-04-24,104.2000
2008-04-25,104.1700
2008-04-28,104.3000
2008-04-29,103.4000
2008-04-30,104.5300
2008-05-01,104.0400
2008-05-02,105.3300
2008-05-05,105.1200
2008-05-06,104.5400
2008-05-07,105.2800
2008-05-08,103.8700
2008-05-09,103.0100
2008-05-12,103.8300
2008-05-13,104.4100
2008-05-14,105.2000
2008-05-15,104.6100
2008-05-16,103.8600
2008-05-19,104.5500
2008-05-20,103.6600
2008-05-21,103.3400
2008-05-22,104.0300
2008-05-23,103.2200
2008-05-26,.
2008-05-27,103.9800
2008-05-28,104.6900
2008-05-29,105.5200
2008-05-30,105.4600
2008-06-02,104.4100
2008-06-03,105.2900
2008-06-04,104.9900
2008-06-05,106.0000
2008-06-06,105.3300
2008-06-09,106.0600
2008-06-10,107.1900
2008-06-11,106.7700
2008-06-12,107.9400
2008-06-13,107.9200
2008-06-16,108.1900
2008-06-17,108.0300
2008-06-18,108.0500
2008-06-19,107.9500
2008-06-20,107.4200
2008-06-23,107.8900
2008-06-24,107.7600
2008-06-25,108.2900
2008-06-26,107.2900
2008-06-27,106.2800
2008-06-30,106.1700
2008-07-01,105.7300
2008-07-02,105.8700
2008-07-03,106.7900
2008-07-04,.
2008-07-07,107.5500
2008-07-08,107.3500
2008-07-09,107.1200
2008-07-10,107.0300
2008-07-11,106.1400
2008-07-14,106.1800
2008-07-15,104.7800
2008-07-16,104.6400
2008-07-17,105.8200
2008-07-18,106.7500
2008-07-21,106.7400
2008-07-22,107.1100
2008-07-23,107.6800
2008-07-24,107.6200
2008-07-25,107.8900
2008-07-28,107.4900
2008-07-29,108.1900
2008-07-30,108.1700
2008-07-31,108.1000
2008-08-01,107.5900
2008-08-04,108.2300
2008-08-05,108.2000
2008-08-06,109.3900
2008-08-07,109.4400
2008-08-08,110.0900
2008-08-11,110.0800
2008-08-12,109.7800
2008-08-13,108.7100
2008-08-14,109.7500
2008-08-15,110.4800
2008-08-18,110.0700
2008-08-19,109.6800
2008-08-20,109.9800
2008-08-21,108.3500
2008-08-22,109.8800
2008-08-25,109.1100
2008-08-26,109.8300
2008-08-27,109.7200
2008-08-28,109.5600
2008-08-29,108.6900
2008-09-01,.
2008-09-02,108.8500
2008-09-03,108.1800
2008-09-04,107.7600
2008-09-05,106.9600
2008-09-08,107.9100
2008-09-09,107.1000
2008-09-10,107.8600
2008-09-11,106.6600
2008-09-12,107.5100
2008-09-15,105.6700
2008-09-16,105.1100
2008-09-17,104.7100
2008-09-18,104.8500
2008-09-19,107.1800
2008-09-22,106.3500
2008-09-23,105.8000
2008-09-24,106.0300
2008-09-25,106.4800
2008-09-26,106.0600
2008-09-29,105.1000
2008-09-30,105.9400
2008-10-01,106.0600
2008-10-02,105.3000
2008-10-03,105.7600
2008-10-06,101.2600
2008-10-07,102.3000
2008-10-08,99.7300
2008-10-09,100.6700
2008-10-10,99.4400
2008-10-13,.
2008-10-14,102.1700
2008-10-15,101.4700
2008-10-16,100.4600
2008-10-17,101.4000
2008-10-20,101.7400
2008-10-21,100.4300
2008-10-22,98.6300
2008-10-23,97.6000
2008-10-24,92.6400
2008-10-27,93.2800
2008-10-28,95.6800
2008-10-29,97.4800
2008-10-30,97.4700
2008-10-31,98.2800
2008-11-03,98.9500
2008-11-04,100.4800
2008-11-05,98.9500
2008-11-06,98.0400
2008-11-07,98.1500
2008-11-10,97.9600
2008-11-11,.
2008-11-12,95.5400
2008-11-13,95.9500
2008-11-14,96.6600
2008-11-17,97.0300
2008-11-18,97.3800
2008-11-19,96.7500
2008-11-20,94.9800
2008-11-21,95.4200
2008-11-24,96.6900
2008-11-25,95.5300
2008-11-26,95.4600
2008-11-27,.
2008-11-28,95.4600
2008-12-01,93.7100
2008-12-02,93.6400
2008-12-03,93.2500
2008-12-04,92.7800
2008-12-05,92.1800
2008-12-08,92.7700
2008-12-09,92.4400
2008-12-10,92.9400
2008-12-11,91.9600
2008-12-12,91.2600
2008-12-15,90.6800
2008-12-16,89.9800
2008-12-17,87.8400
2008-12-18,89.8100
2008-12-19,89.4800
2008-12-22,90.0700
2008-12-23,90.5700
2008-12-24,90.6800
2008-12-25,.
2008-12-26,90.6500
2008-12-29,90.2000
2008-12-30,90.3700
2008-12-31,90.7900
2009-01-01,.
2009-01-02,91.1200
2009-01-05,93.2000
2009-01-06,94.2000
2009-01-07,92.7000
2009-01-08,91.1500
2009-01-09,90.2500
2009-01-12,88.9200
2009-01-13,89.6500
2009-01-14,89.2800
2009-01-15,89.5900
2009-01-16,90.2900
2009-01-19,.
2009-01-20,90.1900
2009-01-21,87.8000
2009-01-22,88.6400
2009-01-23,88.7200
2009-01-26,89.2500
2009-01-27,88.9900
2009-01-28,88.8700
2009-01-29,89.7700
2009-01-30,89.8300
2009-02-02,89.8600
2009-02-03,89.0900
2009-02-04,89.5300
2009-02-05,91.0100
2009-02-06,91.9500
2009-02-09,91.4700
2009-02-10,90.6500
2009-02-11,90.6600
2009-02-12,90.5500
2009-02-13,91.8400
2009-02-16,.
2009-02-17,92.1700
2009-02-18,93.8100
2009-02-19,94.0900
2009-02-20,93.8700
2009-02-23,94.6300
2009-02-24,96.6000
2009-02-25,97.3300
2009-02-26,98.5500
2009-02-27,97.7400
2009-03-02,97.1700
2009-03-03,98.1600
2009-03-04,99.3400
2009-03-05,98.3200
2009-03-06,97.8800
2009-03-09,98.8700
2009-03-10,98.3900
2009-03-11,97.7400
2009-03-12,97.8600
2009-03-13,98.0400
2009-03-16,98.1700
2009-03-17,98.8500
2009-03-18,98.0800
2009-03-19,93.8500
2009-03-20,96.1800
2009-03-23,97.3000
2009-03-24,97.8600
2009-03-25,97.7000
2009-03-26,98.4700
2009-03-27,97.9900
2009-03-30,97.4400
2009-03-31,99.1500
2009-04-01,98.9300
2009-04-02,99.4800
2009-04-03,99.9400
2009-04-06,100.6500
2009-04-07,100.7100
2009-04-08,99.9500
2009-04-09,100.4300
2009-04-10,100.3000
2009-04-13,100.1200
2009-04-14,99.0800
2009-04-15,99.3700
2009-04-16,99.2900
2009-04-17,99.2100
2009-04-20,98.2900
2009-04-21,98.6000
2009-04-22,98.1400
2009-04-23,97.8800
2009-04-24,97.0800
2009-04-27,96.5700
2009-04-28,96.4900
2009-04-29,96.9700
2009-04-30,98.7600
2009-05-01,99.2400
2009-05-04,99.1200
2009-05-05,98.7600
2009-05-06,98.6000
2009-05-07,99.0000
2009-05-08,99.0100
2009-05-11,97.4500
2009-05-12,96.5900
2009-05-13,95.7500
2009-05-14,95.6200
2009-05-15,94.8900
2009-05-18,96.0500
2009-05-19,96.1000
2009-05-20,95.1600
2009-05-21,94.9700
2009-05-22,94.4500
2009-05-25,.
2009-05-26,94.8100
2009-05-27,95.0100
2009-05-28,96.7600
2009-05-29,95.5500
2009-06-01,96.5300
2009-06-02,95.7200
2009-06-03,95.7200
2009-06-04,96.3700
2009-06-05,98.1800
2009-06-08,98.5600
2009-06-09,97.6000
2009-06-10,98.1300
2009-06-11,97.8300
2009-06-12,98.1700
2009-06-15,98.0300
2009-06-16,96.2600
2009-06-17,95.6500
2009-06-18,96.3600
2009-06-19,96.1500
2009-06-22,95.9000
2009-06-23,95.3200
2009-06-24,95.3800
2009-06-25,96.2100
2009-06-26,95.1900
2009-06-29,95.8400
2009-06-30,96.4200
2009-07-01,96.4100
2009-07-02,95.9000
2009-07-03,95.9500
2009-07-06,95.0000
2009-07-07,95.1100
2009-07-08,92.9000
2009-07-09,92.7900
2009-07-10,92.3300
2009-07-13,92.7400
2009-07-14,93.0300
2009-07-15,94.0900
2009-07-16,93.5900
2009-07-17,94.0800
2009-07-20,94.5200
2009-07-21,93.3600
2009-07-22,93.7700
2009-07-23,94.7500
2009-07-24,94.8600
2009-07-27,95.3200
2009-07-28,94.6000
2009-07-29,95.1300
2009-07-30,95.6700
2009-07-31,94.5400
2009-08-03,95.2300
2009-08-04,95.4100
2009-08-05,94.9800
2009-08-06,95.5600
2009-08-07,97.6500
2009-08-10,97.2300
2009-08-11,95.9400
2009-08-12,96.1600
2009-08-13,95.4600
2009-08-14,94.6400
2009-08-17,94.3300
2009-08-18,94.7200
2009-08-19,93.8700
2009-08-20,94.1200
2009-08-21,94.6000
2009-08-24,94.4700
2009-08-25,94.2800
2009-08-26,94.2500
2009-08-27,93.5700
2009-08-28,93.5500
2009-08-31,92.8200
2009-09-01,93.0900
2009-09-02,92.4300
2009-09-03,92.5400
2009-09-04,92.7500
2009-09-07,.
2009-09-08,92.2100
2009-09-09,91.8500
2009-09-10,91.8600
2009-09-11,90.3000
2009-09-14,90.8500
2009-09-15,90.9500
2009-09-16,91.0000
2009-09-17,91.1500
2009-09-18,91.3100
2009-09-21,91.8700
2009-09-22,91.0800
2009-09-23,91.4500
2009-09-24,91.1600
2009-09-25,89.8300
2009-09-28,89.3400
2009-09-29,90.2600
2009-09-30,89.4900
2009-10-01,89.7300
2009-10-02,89.6200
2009-10-05,89.5600
2009-10-06,88.7700
2009-10-07,88.7600
2009-10-08,88.4400
2009-10-09,89.6900
2009-10-12,.
2009-10-13,89.7100
2009-10-14,89.4400
2009-10-15,90.3900
2009-10-16,90.7300
2009-10-19,90.7200
2009-10-20,90.8300
2009-10-21,91.0400
2009-10-22,91.4200
2009-10-23,91.8800
2009-10-26,91.9600
2009-10-27,92.0400
2009-10-28,91.0700
2009-10-29,91.4100
2009-10-30,90.5000
2009-11-02,90.5600
2009-11-03,90.3000
2009-11-04,90.9600
2009-11-05,90.4500
2009-11-06,89.8600
2009-11-09,89.9200
2009-11-10,89.8200
2009-11-11,.
2009-11-12,90.4000
2009-11-13,89.5500
2009-11-16,89.2800
2009-11-17,89.4100
2009-11-18,89.3600
2009-11-19,88.9500
2009-11-20,88.9000
2009-11-23,89.1400
2009-11-24,88.5800
2009-11-25,87.6500
2009-11-26,.
2009-11-27,86.8700
2009-11-30,86.1200
2009-12-01,86.6200
2009-12-02,87.1300
2009-12-03,88.2000
2009-12-04,89.8700
2009-12-07,89.4400
2009-12-08,88.4100
2009-12-09,87.8300
2009-12-10,88.2000
2009-12-11,89.2300
2009-12-14,88.6500
2009-12-15,89.9100
2009-12-16,89.5200
2009-12-17,90.3500
2009-12-18,90.4700
2009-12-21,90.9500
2009-12-22,91.6700
2009-12-23,91.5200
2009-12-24,91.6900
2009-12-25,.
2009-12-28,91.5700
2009-12-29,91.9500
2009-12-30,92.6600
2009-12-31,93.0800
2010-01-01,.
2010-01-04,92.5500
2010-01-05,91.4800
2010-01-06,92.5300
2010-01-07,93.3100
2010-01-08,92.7000
2010-01-11,91.9000
2010-01-12,90.9500
2010-01-13,91.3800
2010-01-14,91.0300
2010-01-15,90.7900
2010-01-18,.
2010-01-19,91.1300
2010-01-20,91.2300
2010-01-21,90.2500
2010-01-22,90.0700
2010-01-25,90.1200
2010-01-26,89.6300
2010-01-27,89.4100
2010-01-28,90.0800
2010-01-29,90.3800
2010-02-01,90.8000
2010-02-02,90.3900
2010-02-03,91.1100
2010-02-04,89.1100
2010-02-05,89.2500
2010-02-08,89.3200
2010-02-09,89.4500
2010-02-10,89.8800
2010-02-11,89.8200
2010-02-12,90.0000
2010-02-15,.
2010-02-16,90.4600
2010-02-17,90.7900
2010-02-18,91.4300
2010-02-19,91.9400
2010-02-22,91.1100
2010-02-23,90.0400
2010-02-24,90.0600
2010-02-25,88.8500
2010-02-26,88.8400
2010-03-01,89.2800
2010-03-02,88.9500
2010-03-03,88.4300
2010-03-04,89.0200
2010-03-05,90.3200
2010-03-08,90.3000
2010-03-09,89.8900
2010-03-10,90.6200
2010-03-11,90.6000
2010-03-12,90.4600
2010-03-15,90.4500
2010-03-16,90.4300
2010-03-17,90.4200
2010-03-18,90.4600
2010-03-19,90.5000
2010-03-22,90.0200
2010-03-23,90.2400
2010-03-24,91.8900
2010-03-25,92.6900
2010-03-26,92.5600
2010-03-29,92.6500
2010-03-30,92.8900
2010-03-31,93.4000
2010-04-01,93.8300
2010-04-02,94.5100
2010-04-05,94.2800
2010-04-06,93.8100
2010-04-07,93.5900
2010-04-08,93.1600
2010-04-09,93.2800
2010-04-12,93.2100
2010-04-13,92.7800
2010-04-14,93.0100
2010-04-15,93.0400
2010-04-16,92.0300
2010-04-19,92.1800
2010-04-20,93.2800
2010-04-21,93.2400
2010-04-22,93.0100
2010-04-23,94.1800
2010-04-26,94.0600
2010-04-27,93.0100
2010-04-28,94.0700
2010-04-29,94.1600
2010-04-30,94.2400
2010-05-03,94.6800
2010-05-04,94.5800
2010-05-05,94.3000
2010-05-06,92.2200
2010-05-07,91.6700
2010-05-10,93.3900
2010-05-11,92.8300
2010-05-12,92.9300
2010-05-13,92.7000
2010-05-14,91.9400
2010-05-17,92.0800
2010-05-18,92.5200
2010-05-19,91.1600
2010-05-20,90.0700
2010-05-21,90.2100
2010-05-24,90.4900
2010-05-25,89.8900
2010-05-26,90.2800
2010-05-27,90.7100
2010-05-28,90.8100
2010-05-31,.
2010-06-01,91.1600
2010-06-02,92.2100
2010-06-03,92.3300
2010-06-04,91.8300
2010-06-07,92.0000
2010-06-08,91.3000
2010-06-09,91.5400
2010-06-10,91.0400
2010-06-11,91.7200
2010-06-14,91.8000
2010-06-15,91.2500
2010-06-16,91.3900
2010-06-17,90.9200
2010-06-18,90.7900
2010-06-21,91.1800
2010-06-22,90.5900
2010-06-23,89.8200
2010-06-24,89.4000
2010-06-25,89.3500
2010-06-28,89.2300
2010-06-29,88.3900
2010-06-30,88.4900
2010-07-01,87.4200
2010-07-02,87.6900
2010-07-05,.
2010-07-06,87.5500
2010-07-07,87.1600
2010-07-08,88.4400
2010-07-09,88.4800
2010-07-12,88.5300
2010-07-13,88.2400
2010-07-14,88.5900
2010-07-15,87.4100
2010-07-16,86.4000
2010-07-19,86.7700
2010-07-20,87.2200
2010-07-21,87.3000
2010-07-22,87.0000
2010-07-23,87.3100
2010-07-26,87.2000
2010-07-27,87.8800
2010-07-28,87.6200
2010-07-29,86.8700
2010-07-30,86.4300
2010-08-02,86.4200
2010-08-03,85.8800
2010-08-04,86.2600
2010-08-05,85.8300
2010-08-06,85.2500
2010-08-09,85.8800
2010-08-10,85.8800
2010-08-11,85.3600
2010-08-12,85.8300
2010-08-13,86.2000
2010-08-16,85.3300
2010-08-17,85.5100
2010-08-18,85.3100
2010-08-19,85.2700
2010-08-20,85.6300
2010-08-23,85.1600
2010-08-24,84.1600
2010-08-25,84.5600
2010-08-26,84.6100
2010-08-27,85.1000
2010-08-30,84.6700
2010-08-31,84.1000
2010-09-01,84.4800
2010-09-02,84.1500
2010-09-03,84.4500
2010-09-06,.
2010-09-07,83.7500
2010-09-08,83.8500
2010-09-09,83.8300
2010-09-10,84.1300
2010-09-13,83.5300
2010-09-14,83.0500
2010-09-15,85.6300
2010-09-16,85.7200
2010-09-17,85.7700
2010-09-20,85.7400
2010-09-21,85.3600
2010-09-22,84.3700
2010-09-23,84.3200
2010-09-24,84.2400
2010-09-27,84.1700
2010-09-28,83.8200
2010-09-29,83.6100
2010-09-30,83.5300
2010-10-01,83.3000
2010-10-04,83.3300
2010-10-05,83.1700
2010-10-06,82.8000
2010-10-07,82.3500
2010-10-08,81.8600
2010-10-11,.
2010-10-12,81.7400
2010-10-13,81.8100
2010-10-14,81.4400
2010-10-15,81.3200
2010-10-18,81.1600
2010-10-19,81.6000
2010-10-20,81.1400
2010-10-21,81.1600
2010-10-22,81.4800
2010-10-25,80.6100
2010-10-26,81.2800
2010-10-27,81.5500
2010-10-28,80.9900
2010-10-29,80.4800
2010-11-01,80.6600
2010-11-02,80.8000
2010-11-03,81.4100
2010-11-04,80.6100
2010-11-05,81.3500
2010-11-08,81.1400
2010-11-09,81.1500
2010-11-10,82.5300
2010-11-11,.
2010-11-12,82.4400
2010-11-15,82.9000
2010-11-16,83.4100
2010-11-17,83.1500
2010-11-18,83.6400
2010-11-19,83.4900
2010-11-22,83.4600
2010-11-23,82.8600
2010-11-24,83.3800
2010-11-25,.
2010-11-26,84.0800
2010-11-29,84.3400
2010-11-30,83.5600
2010-12-01,84.0000
2010-12-02,83.5300
2010-12-03,82.7300
2010-12-06,82.7000
2010-12-07,83.0400
2010-12-08,84.1600
2010-12-09,83.8500
2010-12-10,83.8700
2010-12-13,83.5700
2010-12-14,83.5200
2010-12-15,84.0400
2010-12-16,84.2300
2010-12-17,84.1500
2010-12-20,83.7200
2010-12-21,83.7600
2010-12-22,83.5600
2010-12-23,82.9700
2010-12-24,.
2010-12-27,82.9100
2010-12-28,82.2100
2010-12-29,81.9000
2010-12-30,81.6700
2010-12-31,.
2011-01-03,81.5600
2011-01-04,81.9600
2011-01-05,83.2200
2011-01-06,83.1500
2011-01-07,83.0400
2011-01-10,82.7800
2011-01-11,83.3600
2011-01-12,83.2900
2011-01-13,82.7200
2011-01-14,82.9900
2011-01-17,.
2011-01-18,82.6600
2011-01-19,82.0300
2011-01-20,83.0200
2011-01-21,82.6300
2011-01-24,82.4400
2011-01-25,82.3500
2011-01-26,82.2700
2011-01-27,83.0300
2011-01-28,82.0300
2011-01-31,81.9700
2011-02-01,81.4800
2011-02-02,81.8200
2011-02-03,81.4800
2011-02-04,81.9900
2011-02-07,82.4000
2011-02-08,81.9200
2011-02-09,82.4700
2011-02-10,83.1100
2011-02-11,83.5200
2011-02-14,83.3200
2011-02-15,83.7900
2011-02-16,83.7300
2011-02-17,83.2500
2011-02-18,83.2200
2011-02-21,.
2011-02-22,82.9400
2011-02-23,82.3900
2011-02-24,81.6700
2011-02-25,81.7600
2011-02-28,81.9400
2011-03-01,81.8600
2011-03-02,81.6200
2011-03-03,82.4100
2011-03-04,82.3500
2011-03-07,82.1200
2011-03-08,82.6900
2011-03-09,82.7800
2011-03-10,82.9800
2011-03-11,81.7700
2011-03-14,81.6500
2011-03-15,80.8200
2011-03-16,80.1700
2011-03-17,78.7400
2011-03-18,81.1400
2011-03-21,81.1100
2011-03-22,81.0000
2011-03-23,80.9400
2011-03-24,80.8200
2011-03-25,81.1200
2011-03-28,81.6700
2011-03-29,82.3800
2011-03-30,82.9800
2011-03-31,82.7600
2011-04-01,84.0500
2011-04-04,83.9800
2011-04-05,84.6500
2011-04-06,85.2600
2011-04-07,84.9800
2011-04-08,84.9900
2011-04-11,84.5800
2011-04-12,83.7900
2011-04-13,83.5900
2011-04-14,83.2300
2011-04-15,83.1300
2011-04-18,82.4300
2011-04-19,82.4100
2011-04-20,82.5800
2011-04-21,81.8100
2011-04-22,81.9200
2011-04-25,81.9300
2011-04-26,81.9300
2011-04-27,82.6000
2011-04-28,81.5700
2011-04-29,81.3100
2011-05-02,81.2300
2011-05-03,81.0200
2011-05-04,80.6900
2011-05-05,80.1200
2011-05-06,80.5100
2011-05-09,80.6600
2011-05-10,80.7500
2011-05-11,80.7800
2011-05-12,80.7500
2011-05-13,80.7600
2011-05-16,80.8200
2011-05-17,81.3900
2011-05-18,81.3700
2011-05-19,81.7800
2011-05-20,81.6400
2011-05-23,81.8100
2011-05-24,82.1200
2011-05-25,81.9600
2011-05-26,81.4400
2011-05-27,80.7500
2011-05-30,.
2011-05-31,81.2900
2011-06-01,80.8200
2011-06-02,80.9800
2011-06-03,80.3800
2011-06-06,80.1900
2011-06-07,80.2100
2011-06-08,79.8700
2011-06-09,80.0700
2011-06-10,80.2600
2011-06-13,80.1600
2011-06-14,80.5000
2011-06-15,80.7100
2011-06-16,80.7000
2011-06-17,80.1000
2011-06-20,80.2600
2011-06-21,80.1500
2011-06-22,80.0600
2011-06-23,80.4500
2011-06-24,80.3200
2011-06-27,80.8900
2011-06-28,80.8500
2011-06-29,80.8000
2011-06-30,80.6400
2011-07-01,80.8100
2011-07-04,.
2011-07-05,81.1400
2011-07-06,80.9000
2011-07-07,81.2600
2011-07-08,80.6400
2011-07-11,80.3700
2011-07-12,79.5300
2011-07-13,78.9900
2011-07-14,79.1100
2011-07-15,79.0300
2011-07-18,79.1000
2011-07-19,78.9100
2011-07-20,78.7600
2011-07-21,78.4700
2011-07-22,78.4400
2011-07-25,78.3100
2011-07-26,78.0400
2011-07-27,77.9900
2011-07-28,77.8700
2011-07-29,77.1800
2011-08-01,76.8700
2011-08-02,77.1300
2011-08-03,76.8700
2011-08-04,79.0100
2011-08-05,78.4800
2011-08-08,77.5300
2011-08-09,77.1600
2011-08-10,76.4100
2011-08-11,76.6800
2011-08-12,76.7900
2011-08-15,76.7300
2011-08-16,76.7600
2011-08-17,76.4600
2011-08-18,76.5200
2011-08-19,76.4600
2011-08-22,76.7700
2011-08-23,76.5900
2011-08-24,76.7800
2011-08-25,77.3800
2011-08-26,76.6200
2011-08-29,76.9600
2011-08-30,76.7500
2011-08-31,76.5000
2011-09-01,76.8100
2011-09-02,76.7900
2011-09-05,.
2011-09-06,77.4800
2011-09-07,77.3900
2011-09-08,77.4300
2011-09-09,77.3100
2011-09-12,77.1500
2011-09-13,76.8800
2011-09-14,76.7100
2011-09-15,76.7000
2011-09-16,76.8900
2011-09-19,76.4800
2011-09-20,76.5200
2011-09-21,76.3800
2011-09-22,76.3100
2011-09-23,76.3000
2011-09-26,76.3500
2011-09-27,76.6000
2011-09-28,76.51
2011-09-29,76.6800
2011-09-30,77.0400
2011-10-03,76.6600
2011-10-04,76.8600
2011-10-05,76.8600
2011-10-06,76.6400
2011-10-07,76.7700
2011-10-10,.
2011-10-11,76.6600
2011-10-12,77.3000
2011-10-13,76.8800
2011-10-14,77.3600
2011-10-17,76.8000
2011-10-18,76.7500
2011-10-19,76.7900
2011-10-20,76.9100
2011-10-21,76.1000
2011-10-24,76.1000
2011-10-25,75.8800
2011-10-26,76.0500
2011-10-27,75.8000
2011-10-28,75.7200
2011-10-31,77.9700
2011-11-01,78.2800
2011-11-02,78.0400
2011-11-03,77.9600
2011-11-04,78.1700
2011-11-07,78.0600
2011-11-08,77.7900
2011-11-09,77.7700
2011-11-10,77.5800
2011-11-11,.
2011-11-14,77.0200
2011-11-15,76.9900
2011-11-16,77.0200
2011-11-17,76.9800
2011-11-18,76.9300
2011-11-21,76.9700
2011-11-22,77.0700
2011-11-23,77.4100
2011-11-24,.
2011-11-25,77.6600
2011-11-28,78.0500
2011-11-29,77.8600
2011-11-30,77.5800
2011-12-01,77.6000
2011-12-02,77.8800
2011-12-05,77.7700
2011-12-06,77.7300
2011-12-07,77.6900
2011-12-08,77.6700
2011-12-09,77.5800
2011-12-12,77.8700
2011-12-13,77.8600
2011-12-14,78.0800
2011-12-15,77.8700
2011-12-16,77.6500
2011-12-19,77.9600
2011-12-20,77.7600
2011-12-21,78.0000
2011-12-22,78.1300
2011-12-23,78.1300
2011-12-26,.
2011-12-27,77.8300
2011-12-28,77.9800
2011-12-29,77.7100
2011-12-30,76.9800
2012-01-02,.
2012-01-03,76.6700
2012-01-04,76.6800
2012-01-05,77.1800
2012-01-06,77.0600
2012-01-09,76.8800
2012-01-10,76.8400
2012-01-11,76.9000
2012-01-12,76.7600
2012-01-13,76.9000
2012-01-16,.
2012-01-17,76.8000
2012-01-18,76.8100
2012-01-19,77.2300
2012-01-20,76.9700
2012-01-23,76.9200
2012-01-24,77.7800
2012-01-25,78.1300
2012-01-26,77.4700
2012-01-27,76.6800
2012-01-30,76.2800
2012-01-31,76.3400
2012-02-01,76.1100
2012-02-02,76.1300
2012-02-03,76.5400
2012-02-06,76.5400
2012-02-07,76.8800
2012-02-08,76.9000
2012-02-09,77.4200
2012-02-10,77.5700
2012-02-13,77.5200
2012-02-14,78.3900
2012-02-15,78.2200
2012-02-16,78.7700
2012-02-17,79.3300
2012-02-20,.
2012-02-21,79.7300
2012-02-22,80.3000
2012-02-23,80.2100
2012-02-24,80.8800
2012-02-27,80.4200
2012-02-28,80.4400
2012-02-29,81.1000
2012-03-01,81.1600
2012-03-02,81.5600
2012-03-05,81.4300
2012-03-06,80.8600
2012-03-07,81.0600
2012-03-08,81.5000
2012-03-09,82.5900
2012-03-12,82.2100
2012-03-13,82.6600
2012-03-14,83.7800
2012-03-15,83.2800
2012-03-16,83.3400
2012-03-19,83.3100
2012-03-20,83.6200
2012-03-21,83.6200
2012-03-22,82.5000
2012-03-23,82.3500
2012-03-26,82.8400
2012-03-27,83.1500
2012-03-28,82.7400
2012-03-29,82.2800
2012-03-30,82.4100
2012-04-02,82.1600
2012-04-03,82.1800
2012-04-04,82.6200
2012-04-05,82.3300
2012-04-06,81.5600
2012-04-09,81.3600
2012-04-10,80.9400
2012-04-11,80.8800
2012-04-12,80.8700
2012-04-13,80.9900
2012-04-16,80.4600
2012-04-17,80.7200
2012-04-18,81.2900
2012-04-19,81.5700
2012-04-20,81.6000
2012-04-23,81.1600
2012-04-24,81.2100
2012-04-25,81.3300
2012-04-26,80.7800
2012-04-27,80.4800
2012-04-30,79.8100
2012-05-01,80.1700
2012-05-02,80.1900
2012-05-03,80.3600
2012-05-04,79.8400
2012-05-07,79.8800
2012-05-08,79.7900
2012-05-09,79.6400
2012-05-10,79.9100
2012-05-11,79.8600
2012-05-14,79.8300
2012-05-15,80.0900
2012-05-16,80.3200
2012-05-17,79.2600
2012-05-18,79.1400
2012-05-21,79.3100
2012-05-22,79.9800
2012-05-23,79.3300
2012-05-24,79.4700
2012-05-25,79.6400
2012-05-28,.
2012-05-29,79.4400
2012-05-30,78.9300
2012-05-31,78.2900
2012-06-01,78.2100
2012-06-04,78.3000
2012-06-05,78.5700
2012-06-06,79.1100
2012-06-07,79.6700
2012-06-08,79.4700
2012-06-11,79.5000
2012-06-12,79.4400
2012-06-13,79.3500
2012-06-14,79.2900
2012-06-15,78.6500
2012-06-18,78.9500
2012-06-19,78.9200
2012-06-20,79.5400
2012-06-21,80.1800
2012-06-22,80.5200
2012-06-25,79.5000
2012-06-26,79.4600
2012-06-27,79.8300
2012-06-28,79.3500
2012-06-29,79.8100
2012-07-02,79.4200
2012-07-03,79.7700
2012-07-04,.
2012-07-05,79.9500
2012-07-06,79.6100
2012-07-09,79.6600
2012-07-10,79.4400
2012-07-11,79.7000
2012-07-12,79.2900
2012-07-13,79.2000
2012-07-16,78.8000
2012-07-17,79.0400
2012-07-18,78.7900
2012-07-19,78.6000
2012-07-20,78.4900
2012-07-23,78.3800
2012-07-24,78.1900
2012-07-25,78.2100
2012-07-26,78.2400
2012-07-27,78.5500
2012-07-30,78.2000
2012-07-31,78.1000
2012-08-01,78.1900
2012-08-02,78.2200
2012-08-03,78.6000
2012-08-06,78.1700
2012-08-07,78.7100
2012-08-08,78.4400
2012-08-09,78.6400
2012-08-10,78.2400
2012-08-13,78.3400
2012-08-14,78.8200
2012-08-15,78.8900
2012-08-16,79.2500
2012-08-17,79.5000
2012-08-20,79.4100
2012-08-21,79.4300
2012-08-22,79.1900
2012-08-23,78.4600
2012-08-24,78.6500
2012-08-27,78.6700
2012-08-28,78.5000
2012-08-29,78.7200
2012-08-30,78.5500
2012-08-31,78.3000
2012-09-03,.
2012-09-04,78.3500
2012-09-05,78.3400
2012-09-06,78.9600
2012-09-07,78.1400
2012-09-10,78.2400
2012-09-11,77.7800
2012-09-12,77.8600
2012-09-13,77.4100
2012-09-14,78.2200
2012-09-17,78.6800
2012-09-18,78.5900
2012-09-19,78.4000
2012-09-20,78.3000
2012-09-21,78.1700
2012-09-24,77.9000
2012-09-25,77.9100
2012-09-26,77.7800
2012-09-27,77.6200
2012-09-28,77.9200
2012-10-01,78.0000
2012-10-02,78.0100
2012-10-03,78.5700
2012-10-04,78.4400
2012-10-05,78.6600
2012-10-08,.
2012-10-09,78.2300
2012-10-10,78.2600
2012-10-11,78.4400
2012-10-12,78.3100
2012-10-15,78.7600
2012-10-16,78.9200
2012-10-17,78.7400
2012-10-18,79.2400
2012-10-19,79.2600
2012-10-22,79.8400
2012-10-23,79.7900
2012-10-24,79.8200
2012-10-25,80.0400
2012-10-26,79.6300
2012-10-29,79.8100
2012-10-30,79.5800
2012-10-31,79.9400
2012-11-01,80.1400
2012-11-02,80.5300
2012-11-05,80.1700
2012-11-06,80.2800
2012-11-07,79.8500
2012-11-08,79.7400
2012-11-09,79.4600
2012-11-12,.
2012-11-13,79.4200
2012-11-14,80.2000
2012-11-15,81.1600
2012-11-16,81.2800
2012-11-19,81.1800
2012-11-20,81.7200
2012-11-21,82.3600
2012-11-22,.
2012-11-23,82.3400
2012-11-26,82.1100
2012-11-27,82.2300
2012-11-28,81.8400
2012-11-29,82.0600
2012-11-30,82.5400
2012-12-03,82.2400
2012-12-04,81.8600
2012-12-05,82.4000
2012-12-06,82.2900
2012-12-07,82.3700
2012-12-10,82.3700
2012-12-11,82.4200
2012-12-12,83.1000
2012-12-13,83.5400
2012-12-14,83.5200
2012-12-17,83.7000
2012-12-18,84.0000
2012-12-19,84.3200
2012-12-20,84.3300
2012-12-21,84.1000
2012-12-24,84.8100
2012-12-25,.
2012-12-26,85.6200
2012-12-27,86.0600
2012-12-28,86.1200
2012-12-31,86.6400
2013-01-01,.
2013-01-02,87.1000
2013-01-03,86.9200
2013-01-04,88.1400
2013-01-07,87.6800
2013-01-08,87.3100
2013-01-09,87.9000
2013-01-10,88.1600
2013-01-11,89.2200
2013-01-14,89.3400
2013-01-15,88.6500
2013-01-16,88.6400
2013-01-17,89.4100
2013-01-18,89.9000
2013-01-21,.
2013-01-22,88.6200
2013-01-23,88.4400
2013-01-24,90.0400
2013-01-25,91.0400
2013-01-28,90.7300
2013-01-29,90.6500
2013-01-30,91.0500
2013-01-31,91.2800
2013-02-01,92.5400
2013-02-04,92.5700
2013-02-05,93.3400
2013-02-06,93.5600
2013-02-07,93.2400
2013-02-08,92.7200
2013-02-11,93.4400
2013-02-12,93.1400
2013-02-13,93.3900
2013-02-14,93.1000
2013-02-15,93.6400
2013-02-18,.
2013-02-19,93.5400
2013-02-20,93.5300
2013-02-21,92.9600
2013-02-22,93.3500
2013-02-25,93.3500
2013-02-26,91.3800
2013-02-27,91.8800
2013-02-28,92.3600
2013-03-01,93.3800
2013-03-04,93.3200
2013-03-05,93.3900
2013-03-06,93.6400
2013-03-07,95.0000
2013-03-08,96.0000
2013-03-11,96.1200
2013-03-12,95.9600
2013-03-13,96.0000
2013-03-14,96.1600
2013-03-15,95.2600
2013-03-18,94.9200
2013-03-19,94.8500
2013-03-20,95.5100
2013-03-21,95.0600
2013-03-22,94.4800
2013-03-25,94.3400
2013-03-26,94.2200
2013-03-27,94.3800
2013-03-28,94.0200
2013-03-29,94.1600
2013-04-01,93.3000
2013-04-02,93.4300
2013-04-03,92.9600
2013-04-04,96.1200
2013-04-05,96.8600
2013-04-08,98.9000
2013-04-09,99.0200
2013-04-10,99.6100
2013-04-11,99.4200
2013-04-12,98.9800
2013-04-15,98.0000
2013-04-16,97.8600
2013-04-17,97.7400
2013-04-18,98.2200
2013-04-19,99.2800
2013-04-22,99.2900
2013-04-23,99.4300
2013-04-24,99.3900
2013-04-25,99.4200
2013-04-26,97.8400
2013-04-29,98.0900
2013-04-30,97.5200
2013-05-01,97.2800
2013-05-02,97.9600
2013-05-03,99.1000
2013-05-06,99.3500
2013-05-07,99.0000
2013-05-08,98.9000
2013-05-09,99.2900
2013-05-10,101.7400
2013-05-13,101.8400
2013-05-14,102.1800
2013-05-15,102.4400
2013-05-16,102.2200
2013-05-17,102.9800
2013-05-20,102.5400
2013-05-21,102.3600
2013-05-22,103.5200
2013-05-23,101.6600
2013-05-24,100.9800
2013-05-27,.
2013-05-28,102.0700
2013-05-29,100.9100
2013-05-30,101.0600
2013-05-31,100.8300
2013-06-03,99.1800
2013-06-04,100.1500
2013-06-05,99.1600
2013-06-06,97.7600
2013-06-07,97.2000
2013-06-10,98.8800
2013-06-11,96.8200
2013-06-12,95.3600
2013-06-13,94.2900
2013-06-14,94.3400
2013-06-17,94.8700
2013-06-18,95.2000
2013-06-19,95.2200
2013-06-20,98.1800
2013-06-21,97.4800
2013-06-24,97.7000
2013-06-25,97.8700
2013-06-26,97.4300
2013-06-27,98.4000
2013-06-28,99.2100
2013-07-01,99.6200
2013-07-02,100.4300
2013-07-03,99.8200
2013-07-04,.
2013-07-05,100.9400
2013-07-08,101.0700
2013-07-09,101.0800
2013-07-10,100.1000
2013-07-11,98.8000
2013-07-12,99.3900
2013-07-15,100.0400
2013-07-16,99.3700
2013-07-17,99.7000
2013-07-18,100.6000
2013-07-19,100.3000
2013-07-22,99.6000
2013-07-23,99.7600
2013-07-24,100.2100
2013-07-25,99.5600
2013-07-26,98.2400
2013-07-29,97.8000
2013-07-30,98.0200
2013-07-31,98.3500
2013-08-01,99.3000
2013-08-02,99.0400
2013-08-05,98.5400
2013-08-06,97.8500
2013-08-07,96.7200
2013-08-08,96.0300
2013-08-09,96.2400
2013-08-12,96.4400
2013-08-13,98.0600
2013-08-14,98.1500
2013-08-15,97.8100
2013-08-16,97.6000
2013-08-19,97.9400
2013-08-20,97.1200
2013-08-21,97.6600
2013-08-22,98.5300
2013-08-23,98.5700
2013-08-26,98.6400
2013-08-27,97.3000
2013-08-28,97.6500
2013-08-29,98.4600
2013-08-30,98.2200
2013-09-02,.
2013-09-03,99.4300
2013-09-04,99.6100
2013-09-05,100.0800
2013-09-06,99.0400
2013-09-09,99.5500
2013-09-10,100.2200
2013-09-11,100.0800
2013-09-12,99.2400
2013-09-13,99.3800
2013-09-16,98.9800
2013-09-17,99.1600
2013-09-18,99.0400
2013-09-19,99.3300
2013-09-20,99.3800
2013-09-23,98.7600
2013-09-24,98.7600
2013-09-25,98.6200
2013-09-26,98.9500
2013-09-27,98.3000
2013-09-30,98.2900
2013-10-01,98.0500
2013-10-02,97.3600
2013-10-03,97.0800
2013-10-04,97.2000
2013-10-07,97.0200
2013-10-08,96.9400
2013-10-09,97.2300
2013-10-10,98.0900
2013-10-11,98.4200
2013-10-14,.
2013-10-15,98.5800
2013-10-16,98.9000
2013-10-17,97.8500
2013-10-18,97.7700
2013-10-21,98.1400
2013-10-22,98.1800
2013-10-23,97.2800
2013-10-24,97.3600
2013-10-25,97.4600
2013-10-28,97.7000
2013-10-29,98.0900
2013-10-30,98.1400
2013-10-31,98.1000
2013-11-01,98.7800
2013-11-04,98.6200
2013-11-05,98.6000
2013-11-06,98.6000
2013-11-07,98.5600
2013-11-08,99.0300
2013-11-11,.
2013-11-12,99.6500
2013-11-13,99.3100
2013-11-14,99.9300
2013-11-15,100.1700
2013-11-18,100.0400
2013-11-19,100.1400
2013-11-20,100.0200
2013-11-21,100.9500
2013-11-22,101.2900
2013-11-25,101.7000
2013-11-26,101.3800
2013-11-27,102.1800
2013-11-28,.
2013-11-29,102.4500
2013-12-02,103.0400
2013-12-03,102.3600
2013-12-04,102.4800
2013-12-05,101.8200
2013-12-06,102.8800
2013-12-09,103.2200
2013-12-10,102.8000
2013-12-11,102.3800
2013-12-12,103.1100
2013-12-13,103.2800
2013-12-16,102.9100
2013-12-17,102.6300
2013-12-18,103.1800
2013-12-19,104.1600
2013-12-20,104.0700
2013-12-23,104.0600
2013-12-24,104.2600
2013-12-25,.
2013-12-26,104.7200
2013-12-27,105.0500
2013-12-30,105.0000
2013-12-31,105.2500
2014-01-01,.
2014-01-02,104.8400
2014-01-03,104.4600
2014-01-06,104.3800
2014-01-07,104.5400
2014-01-08,104.8700
2014-01-09,104.7400
2014-01-10,104.0600
2014-01-13,103.3100
2014-01-14,103.8000
2014-01-15,104.4200
2014-01-16,104.3200
2014-01-17,104.3200
2014-01-20,.
2014-01-21,104.1400
2014-01-22,104.3600
2014-01-23,103.6500
2014-01-24,102.4100
2014-01-27,102.2600
2014-01-28,102.8000
2014-01-29,102.2000
2014-01-30,102.8300
2014-01-31,102.2800
2014-02-03,101.1100
2014-02-04,101.6200
2014-02-05,101.3800
2014-02-06,101.8400
2014-02-07,102.3200
2014-02-10,102.1400
2014-02-11,102.6300
2014-02-12,102.4800
2014-02-13,102.2000
2014-02-14,101.8200
2014-02-17,.
2014-02-18,102.3100
2014-02-19,102.3000
2014-02-20,102.3200
2014-02-21,102.7100
2014-02-24,102.4400
2014-02-25,102.2000
2014-02-26,102.3600
2014-02-27,102.1200
2014-02-28,102.0800
2014-03-03,101.3600
2014-03-04,102.1800
2014-03-05,102.3200
2014-03-06,103.0300
2014-03-07,103.3800
2014-03-10,103.2300
2014-03-11,103.1800
2014-03-12,102.7400
2014-03-13,102.1200
2014-03-14,101.4600
2014-03-17,101.6200
2014-03-18,101.3700
2014-03-19,101.5400
2014-03-20,102.3900
2014-03-21,102.3800
2014-03-24,102.2100
2014-03-25,102.3200
2014-03-26,102.3000
2014-03-27,102.1000
2014-03-28,102.9200
2014-03-31,102.9800
2014-04-01,103.5200
2014-04-02,103.8200
2014-04-03,103.9400
2014-04-04,103.3900
2014-04-07,103.0400
2014-04-08,102.1200
2014-04-09,101.8500
2014-04-10,101.4300
2014-04-11,101.5600
2014-04-14,101.8100
2014-04-15,101.6000
2014-04-16,102.3000
2014-04-17,102.2200
2014-04-18,102.4300
2014-04-21,102.5600
2014-04-22,102.6000
2014-04-23,102.2600
2014-04-24,102.3400
2014-04-25,102.1200
2014-04-28,102.4600
2014-04-29,102.5700
2014-04-30,102.1400
2014-05-01,102.3000
2014-05-02,102.3400
2014-05-05,102.0600
2014-05-06,101.5700
2014-05-07,101.7200
2014-05-08,101.6600
2014-05-09,101.7400
2014-05-12,102.1000
2014-05-13,102.2000
2014-05-14,101.7500
2014-05-15,101.4400
2014-05-16,101.5000
2014-05-19,101.2600
2014-05-20,101.2600
2014-05-21,101.4400
2014-05-22,101.7600
2014-05-23,101.8800
2014-05-26,.
2014-05-27,102.1400
2014-05-28,101.7800
2014-05-29,101.5800
2014-05-30,101.7700
2014-06-02,102.3000
2014-06-03,102.4200
2014-06-04,102.6900
2014-06-05,102.4400
2014-06-06,102.5000
2014-06-09,102.5200
2014-06-10,102.3700
2014-06-11,101.9400
2014-06-12,101.8300
2014-06-13,102.0600
2014-06-16,101.8200
2014-06-17,102.1800
2014-06-18,102.1600
2014-06-19,101.8400
2014-06-20,102.1400
2014-06-23,101.9000
2014-06-24,102.1300
2014-06-25,101.7500
2014-06-26,101.6600
2014-06-27,101.3900
2014-06-30,101.2800
2014-07-01,101.5100
2014-07-02,101.7600
2014-07-03,102.1900
2014-07-04,.
2014-07-07,101.8400
2014-07-08,101.5300
2014-07-09,101.7000
2014-07-10,101.2600
2014-07-11,101.3300
2014-07-14,101.5800
2014-07-15,101.6200
2014-07-16,101.6900
2014-07-17,101.3000
2014-07-18,101.3700
2014-07-21,101.3400
2014-07-22,101.5400
2014-07-23,101.5000
2014-07-24,101.8200
2014-07-25,101.8100
2014-07-28,101.8200
2014-07-29,102.1200
2014-07-30,102.9000
2014-07-31,102.7500
2014-08-01,102.4500
2014-08-04,102.4700
2014-08-05,102.7700
2014-08-06,102.3400
2014-08-07,102.0600
2014-08-08,101.9100
2014-08-11,102.1400
2014-08-12,102.2200
2014-08-13,102.4800
2014-08-14,102.4400
2014-08-15,102.1900
2014-08-18,102.5400
2014-08-19,102.8600
2014-08-20,103.3600
2014-08-21,103.7800
2014-08-22,103.9700
2014-08-25,103.9600
2014-08-26,104.1200
2014-08-27,103.9800
2014-08-28,103.7800
2014-08-29,104.0000
2014-09-01,.
2014-09-02,105.1000
2014-09-03,104.8800
2014-09-04,105.2200
2014-09-05,104.9400
2014-09-08,105.6500
2014-09-09,106.3200
2014-09-10,106.7600
2014-09-11,106.8700
2014-09-12,107.2400
2014-09-15,107.1800
2014-09-16,106.9100
2014-09-17,107.5800
2014-09-18,108.6900
2014-09-19,108.9600
2014-09-22,108.8800
2014-09-23,108.8200
2014-09-24,108.9200
2014-09-25,108.7000
2014-09-26,109.3200
2014-09-29,109.3400
2014-09-30,109.6600
2014-10-01,109.3000
2014-10-02,108.1000
2014-10-03,109.7000
2014-10-06,109.0800
2014-10-07,108.3000
2014-10-08,108.4100
2014-10-09,108.0000
2014-10-10,107.8300
2014-10-13,.
2014-10-14,107.1500
2014-10-15,106.0600
2014-10-16,105.9800
2014-10-17,106.7200
2014-10-20,106.8700
2014-10-21,106.7000
2014-10-22,107.3200
2014-10-23,108.1600
2014-10-24,108.0600
2014-10-27,107.7100
2014-10-28,108.0000
2014-10-29,108.1000
2014-10-30,108.9400
2014-10-31,112.0900
2014-11-03,113.9200
2014-11-04,113.4400
2014-11-05,114.6200
2014-11-06,114.8700
2014-11-07,114.7300
2014-11-10,114.7800
2014-11-11,.
2014-11-12,115.4200
2014-11-13,115.6300
2014-11-14,116.5200
2014-11-17,116.4400
2014-11-18,116.7600
2014-11-19,117.7000
2014-11-20,118.1400
2014-11-21,117.7400
2014-11-24,118.3900
2014-11-25,117.9900
2014-11-26,117.6000
2014-11-27,.
2014-11-28,118.7000
2014-12-01,118.1400
2014-12-02,119.1000
2014-12-03,119.8200
2014-12-04,119.6700
2014-12-05,121.3800
2014-12-08,120.8900
2014-12-09,118.8700
2014-12-10,118.5000
2014-12-11,119.4000
2014-12-12,118.2200
2014-12-15,117.7500
2014-12-16,117.2800
2014-12-17,117.6400
2014-12-18,118.8400
2014-12-19,119.5600
2014-12-22,119.8400
2014-12-23,120.6800
2014-12-24,120.4500
2014-12-25,.
2014-12-26,.
2014-12-29,120.5700
2014-12-30,119.3400
2014-12-31,119.8500
2015-01-01,.
2015-01-02,120.2000
2015-01-05,119.6400
2015-01-06,118.2600
2015-01-07,119.5200
2015-01-08,119.5100
2015-01-09,118.6600
2015-01-12,118.3200
2015-01-13,118.1600
2015-01-14,116.7800
2015-01-15,116.9500
2015-01-16,117.4500
2015-01-19,.
2015-01-20,118.4800
2015-01-21,117.8600
2015-01-22,117.9200
2015-01-23,117.8000
2015-01-26,118.3800
2015-01-27,117.6200
2015-01-28,117.7400
2015-01-29,118.3100
2015-01-30,117.4400
2015-02-02,117.3300
2015-02-03,117.4800
2015-02-04,117.5800
2015-02-05,117.4000
2015-02-06,119.1600
2015-02-09,118.7000
2015-02-10,119.3200
2015-02-11,120.3800
2015-02-12,118.7200
2015-02-13,118.7000
2015-02-16,.
2015-02-17,118.9900
2015-02-18,119.1900
2015-02-19,118.8400
2015-02-20,118.6800
2015-02-23,118.8800
2015-02-24,119.1300
2015-02-25,118.8800
2015-02-26,119.3600
2015-02-27,119.7200
2015-03-02,120.0600
2015-03-03,119.4700
2015-03-04,119.7600
2015-03-05,120.2200
2015-03-06,120.9300
2015-03-09,121.1700
2015-03-10,121.2000
2015-03-11,121.5000
2015-03-12,121.2800
2015-03-13,121.1700
2015-03-16,121.3000
2015-03-17,121.2800
2015-03-18,120.9200
2015-03-19,120.9000
2015-03-20,120.2800
2015-03-23,119.7400
2015-03-24,119.9000
2015-03-25,119.3700
2015-03-26,119.0100
2015-03-27,119.1500
2015-03-30,120.1100
2015-03-31,119.9600
2015-04-01,119.6200
2015-04-02,119.7400
2015-04-03,118.9600
2015-04-06,119.0500
2015-04-07,120.3600
2015-04-08,119.9600
2015-04-09,120.3200
2015-04-10,120.2900
2015-04-13,120.3200
2015-04-14,119.2600
2015-04-15,119.2300
2015-04-16,119.1800
2015-04-17,119.0200
2015-04-20,119.2700
2015-04-21,119.4500
2015-04-22,119.9000
2015-04-23,119.6900
2015-04-24,118.9800
2015-04-27,119.1200
2015-04-28,118.8000
2015-04-29,118.8300
2015-04-30,119.8600
2015-05-01,120.2100
2015-05-04,120.2500
2015-05-05,119.8700
2015-05-06,119.4200
2015-05-07,119.7400
2015-05-08,119.7800
2015-05-11,120.0500
2015-05-12,119.8000
2015-05-13,119.0900
2015-05-14,119.2000
2015-05-15,119.3600
2015-05-18,119.8200
2015-05-19,120.5800
2015-05-20,121.2800
2015-05-21,121.0600
2015-05-22,121.4500
2015-05-25,.
2015-05-26,123.0800
2015-05-27,123.7600
2015-05-28,124.1800
2015-05-29,123.9800
2015-06-01,124.6400
2015-06-02,124.1900
2015-06-03,124.0600
2015-06-04,124.5600
2015-06-05,125.5800
2015-06-08,125.0800
2015-06-09,124.1600
2015-06-10,122.7200
2015-06-11,123.6200
2015-06-12,123.2300
2015-06-15,123.3800
2015-06-16,123.3900
2015-06-17,124.2500
2015-06-18,122.8700
2015-06-19,122.7000
2015-06-22,123.2800
2015-06-23,123.7100
2015-06-24,124.2400
2015-06-25,123.6300
2015-06-26,123.9200
2015-06-29,122.5000
2015-06-30,122.1000
2015-07-01,123.0200
2015-07-02,123.1400
2015-07-03,.
2015-07-06,122.5300
2015-07-07,122.1600
2015-07-08,120.5400
2015-07-09,121.2200
2015-07-10,122.7500
2015-07-13,123.3500
2015-07-14,123.3900
2015-07-15,123.8900
2015-07-16,124.0400
2015-07-17,124.0000
2015-07-20,124.2400
2015-07-21,123.9300
2015-07-22,124.0800
2015-07-23,123.8800
2015-07-24,123.7400
2015-07-27,123.2400
2015-07-28,123.5200
2015-07-29,123.8600
2015-07-30,124.3800
2015-07-31,123.9400
2015-08-03,123.9800
2015-08-04,124.0000
2015-08-05,124.8400
2015-08-06,124.6000
2015-08-07,124.2700
2015-08-10,124.5500
2015-08-11,124.9000
2015-08-12,123.8700
2015-08-13,124.3200
2015-08-14,124.2700
2015-08-17,124.3300
2015-08-18,124.3900
2015-08-19,124.1000
2015-08-20,123.5400
2015-08-21,122.1100
2015-08-24,118.5600
2015-08-25,119.9100
2015-08-26,119.0700
2015-08-27,120.8900
2015-08-28,121.3200
2015-08-31,121.2600
2015-09-01,119.9400
2015-09-02,120.0000
2015-09-03,120.2000
2015-09-04,119.0500
2015-09-07,.
2015-09-08,119.7200
2015-09-09,120.9400
2015-09-10,120.7100
2015-09-11,120.6600
2015-09-14,119.9200
2015-09-15,120.3000
2015-09-16,120.6200
2015-09-17,120.9000
2015-09-18,119.8500
2015-09-21,120.4600
2015-09-22,120.0400
2015-09-23,120.1200
2015-09-24,119.5400
2015-09-25,120.7400
2015-09-28,119.8200
2015-09-29,119.7600
2015-09-30,119.8100
2015-10-01,119.5800
2015-10-02,119.4200
2015-10-05,120.3600
2015-10-06,120.1800
2015-10-07,119.9000
2015-10-08,119.9400
2015-10-09,120.3000
2015-10-12,.
2015-10-13,119.8000
2015-10-14,119.2100
2015-10-15,118.2600
2015-10-16,119.6000
2015-10-19,119.5000
2015-10-20,119.7900
2015-10-21,119.9100
2015-10-22,120.5000
2015-10-23,121.2000
2015-10-26,120.8700
2015-10-27,120.2900
2015-10-28,120.5600
2015-10-29,121.1400
2015-10-30,120.7000
2015-11-02,120.7000
2015-11-03,121.2000
2015-11-04,121.5200
2015-11-05,121.7100
2015-11-06,123.2000
2015-11-09,123.0400
2015-11-10,123.2200
2015-11-11,.
2015-11-12,122.8400
2015-11-13,122.9300
2015-11-16,123.1100
2015-11-17,123.4800
2015-11-18,123.5100
2015-11-19,122.7100
2015-11-20,122.8000
2015-11-23,123.0200
2015-11-24,122.4700
2015-11-25,122.7000
2015-11-26,.
2015-11-27,122.8400
2015-11-30,123.2200
2015-12-01,122.8800
2015-12-02,123.5200
2015-12-03,123.0600
2015-12-04,123.1000
2015-12-07,123.3100
2015-12-08,123.0000
2015-12-09,121.8600
2015-12-10,121.4400
2015-12-11,120.9400
2015-12-14,120.5700
2015-12-15,121.6600
2015-12-16,121.8800
2015-12-17,122.7500
2015-12-18,121.2000
2015-12-21,120.9900
2015-12-22,120.9400
2015-12-23,120.9400
2015-12-24,120.3200
2015-12-25,.
2015-12-28,120.3000
2015-12-29,120.4400
2015-12-30,120.6000
2015-12-31,120.2700
2016-01-01,.
2016-01-04,119.3000
2016-01-05,118.9500
2016-01-06,118.5400
2016-01-07,118.0000
2016-01-08,117.7400
2016-01-11,117.4800
2016-01-12,117.7800
2016-01-13,118.0600
2016-01-14,118.0300
2016-01-15,116.7800
2016-01-18,.
2016-01-19,117.6600
2016-01-20,116.3800
2016-01-21,117.6100
2016-01-22,118.3700
2016-01-25,118.5500
2016-01-26,118.5000
2016-01-27,118.9000
2016-01-28,118.6100
2016-01-29,121.0500
2016-02-01,121.0600
2016-02-02,120.2700
2016-02-03,117.9200
2016-02-04,116.7500
2016-02-05,116.9900
2016-02-08,115.7000
2016-02-09,114.8000
2016-02-10,114.0300
2016-02-11,111.7200
2016-02-12,112.9600
2016-02-15,.
2016-02-16,113.9000
2016-02-17,114.1400
2016-02-18,113.6200
2016-02-19,112.4200
2016-02-22,113.1200
2016-02-23,112.1700
2016-02-24,111.3600
2016-02-25,112.7000
2016-02-26,113.7800
2016-02-29,112.9000
2016-03-01,113.9400
2016-03-02,113.8100
2016-03-03,113.5300
2016-03-04,113.9100
2016-03-07,113.6000
2016-03-08,112.5800
2016-03-09,113.0600
2016-03-10,113.1000
2016-03-11,113.6600
2016-03-14,113.5900
2016-03-15,112.8800
2016-03-16,113.6900
2016-03-17,111.3000
2016-03-18,111.3800
2016-03-21,111.6200
2016-03-22,111.8200
2016-03-23,112.6300
2016-03-24,112.6400
2016-03-25,113.0500
2016-03-28,113.2900
2016-03-29,113.3300
2016-03-30,112.6000
2016-03-31,112.4200
2016-04-01,112.0600
2016-04-04,111.1800
2016-04-05,110.2600
2016-04-06,109.6300
2016-04-07,107.9800
2016-04-08,108.3600
2016-04-11,107.9600
2016-04-12,108.5400
2016-04-13,109.2100
2016-04-14,109.2000
2016-04-15,108.7600
2016-04-18,108.8500
2016-04-19,109.1600
2016-04-20,109.5100
2016-04-21,109.4100
2016-04-22,111.5000
2016-04-25,111.0800
2016-04-26,111.2300
2016-04-27,111.2600
2016-04-28,108.5500
2016-04-29,106.9000
2016-05-02,106.4800
2016-05-03,106.3400
2016-05-04,107.1200
2016-05-05,107.3200
2016-05-06,106.6600
2016-05-09,108.3900
2016-05-10,109.2200
2016-05-11,108.4800
2016-05-12,108.7300
2016-05-13,109.1400
2016-05-16,108.8900
2016-05-17,109.0200
2016-05-18,109.6500
2016-05-19,109.8100
2016-05-20,110.5200
2016-05-23,109.4700
2016-05-24,110.0000
2016-05-25,110.2200
2016-05-26,109.7400
2016-05-27,109.8600
2016-05-30,.
2016-05-31,110.7500
2016-06-01,109.5500
2016-06-02,108.7500
2016-06-03,106.8800
2016-06-06,107.3300
2016-06-07,107.3000
2016-06-08,106.6800
2016-06-09,106.5400
2016-06-10,107.0600
2016-06-13,106.0700
2016-06-14,106.0200
2016-06-15,105.8700
2016-06-16,104.0500
2016-06-17,104.2000
2016-06-20,104.3200
2016-06-21,104.5600
2016-06-22,104.5600
2016-06-23,105.9000
2016-06-24,102.2600
2016-06-27,101.6600
2016-06-28,102.7100
2016-06-29,102.6800
2016-06-30,102.7700
2016-07-01,102.5500
2016-07-04,.
2016-07-05,101.5800
2016-07-06,101.1200
2016-07-07,100.7400
2016-07-08,100.6500
2016-07-11,102.6600
2016-07-12,104.7200
2016-07-13,104.1000
2016-07-14,105.4000
2016-07-15,105.6400
2016-07-18,106.0000
2016-07-19,106.1300
2016-07-20,106.6500
2016-07-21,105.9800
2016-07-22,106.2200
2016-07-25,106.0200
2016-07-26,104.8300
2016-07-27,105.6500
2016-07-28,104.8600
2016-07-29,102.3200
2016-08-01,102.2600
2016-08-02,100.8200
2016-08-03,101.3400
2016-08-04,101.0800
2016-08-05,101.7400
2016-08-08,102.5300
2016-08-09,101.9600
2016-08-10,101.2700
2016-08-11,101.4600
2016-08-12,101.0100
2016-08-15,101.0200
2016-08-16,100.2800
2016-08-17,100.2400
2016-08-18,100.0700
2016-08-19,100.2400
2016-08-22,100.2500
2016-08-23,100.2000
2016-08-24,100.5000
2016-08-25,100.5800
2016-08-26,101.2000
2016-08-29,102.1300
2016-08-30,102.9200
2016-08-31,103.3800
2016-09-01,103.2200
2016-09-02,104.1800
2016-09-05,.
2016-09-06,102.2800
2016-09-07,101.7200
2016-09-08,102.2800
2016-09-09,102.8600
2016-09-12,101.9600
2016-09-13,102.1400
2016-09-14,102.3300
2016-09-15,102.2400
2016-09-16,102.3600
2016-09-19,101.8200
2016-09-20,101.6600
2016-09-21,100.6200
2016-09-22,100.8000
2016-09-23,101.0400
2016-09-26,100.3400
2016-09-27,100.3600
2016-09-28,100.5700
2016-09-29,101.4800
2016-09-30,101.2100
2016-10-03,101.5400
2016-10-04,102.6600
2016-10-05,103.5300
2016-10-06,104.0200
2016-10-07,103.4200
2016-10-10,.
2016-10-11,103.3600
2016-10-12,104.4800
2016-10-13,103.6200
2016-10-14,104.1000
2016-10-17,103.9600
2016-10-18,103.8000
2016-10-19,103.3000
2016-10-20,103.9200
2016-10-21,103.9600
2016-10-24,104.2000
2016-10-25,104.2500
2016-10-26,104.4200
2016-10-27,105.1400
2016-10-28,105.4000
2016-10-31,105.0700
2016-11-01,104.5900
2016-11-02,103.2200
2016-11-03,103.1700
2016-11-04,103.0200
2016-11-07,104.6000
2016-11-08,104.9800
2016-11-09,104.8400
2016-11-10,106.5600
2016-11-11,.
2016-11-14,108.3000
2016-11-15,108.9400
2016-11-16,109.1600
2016-11-17,109.6400
2016-11-18,110.5100
2016-11-21,111.1200
2016-11-22,110.9800
2016-11-23,112.5800
2016-11-24,.
2016-11-25,113.1700
2016-11-28,112.3600
2016-11-29,112.7800
2016-11-30,114.3400
2016-12-01,114.3400
2016-12-02,113.7600
2016-12-05,114.1000
2016-12-06,113.9800
2016-12-07,113.5000
2016-12-08,114.1600
2016-12-09,115.1700
2016-12-12,115.3400
2016-12-13,115.2600
2016-12-14,115.0600
2016-12-15,118.3200
2016-12-16,117.7400
2016-12-19,116.6000
2016-12-20,117.8600
2016-12-21,117.7900
2016-12-22,117.4800
2016-12-23,117.2200
2016-12-26,.
2016-12-27,117.5200
2016-12-28,117.6600
2016-12-29,116.3200
2016-12-30,116.7800
2017-01-02,.
2017-01-03,117.6800
2017-01-04,117.3800
2017-01-05,115.4600
2017-01-06,116.8500
2017-01-09,116.0700
2017-01-10,115.7400
2017-01-11,116.2600
2017-01-12,113.8700
2017-01-13,115.0300
2017-01-16,.
2017-01-17,112.9600
2017-01-18,113.4000
2017-01-19,115.3000
2017-01-20,.
2017-01-23,112.9000
2017-01-24,113.6300
2017-01-25,113.6000
2017-01-26,114.7000
2017-01-27,115.1600
2017-01-30,113.8600
2017-01-31,112.7200
2017-02-01,113.2900
2017-02-02,112.4800
2017-02-03,112.4200
2017-02-06,112.3200
2017-02-07,112.1400
2017-02-08,111.7400
2017-02-09,113.2400
2017-02-10,113.2200
2017-02-13,113.7900
2017-02-14,114.3400
2017-02-15,114.1700
2017-02-16,113.3600
2017-02-17,112.8600
2017-02-20,.
2017-02-21,113.4800
2017-02-22,113.4600
2017-02-23,112.6800
2017-02-24,112.2600
2017-02-27,112.0100
2017-02-28,112.0600
2017-03-01,113.6600
2017-03-02,114.4500
2017-03-03,114.6000
2017-03-06,113.9200
2017-03-07,113.9900
2017-03-08,114.5800
2017-03-09,114.7100
2017-03-10,115.0200
2017-03-13,114.6100
2017-03-14,114.6300
2017-03-15,114.6600
2017-03-16,113.0200
2017-03-17,112.6700
2017-03-20,112.5900
2017-03-21,111.9000
2017-03-22,111.0600
2017-03-23,111.1200
2017-03-24,111.0300
2017-03-27,110.4800
2017-03-28,110.5600
2017-03-29,111.0500
2017-03-30,111.3600
2017-03-31,111.4100
2017-04-03,110.9600
2017-04-04,110.7400
2017-04-05,111.2000
2017-04-06,111.0200
2017-04-07,110.7600
2017-04-10,110.9500
2017-04-11,109.7400
2017-04-12,109.5400
2017-04-13,109.2300
2017-04-14,108.6300
2017-04-17,108.4600
2017-04-18,108.4000
2017-04-19,109.0600
2017-04-20,109.3400
2017-04-21,109.0800
2017-04-24,109.7400
2017-04-25,110.8800
2017-04-26,111.5200
2017-04-27,111.1300
2017-04-28,111.4400
2017-05-01,111.7800
2017-05-02,112.0600
2017-05-03,112.3400
2017-05-04,112.7000
2017-05-05,112.6300
2017-05-08,112.8400
2017-05-09,114.1900
2017-05-10,114.0200
2017-05-11,113.7700
2017-05-12,113.3000
2017-05-15,113.5400
2017-05-16,113.2400
2017-05-17,111.4600
2017-05-18,110.8200
2017-05-19,111.4700
2017-05-22,111.1500
2017-05-23,111.6400
2017-05-24,112.0200
2017-05-25,111.7000
2017-05-26,111.3000
2017-05-29,.
2017-05-30,110.6800
2017-05-31,110.7100
2017-06-01,111.2400
2017-06-02,110.4900
2017-06-05,110.4900
2017-06-06,109.3400
2017-06-07,109.5400
2017-06-08,110.1000
2017-06-09,110.6100
2017-06-12,109.7200
2017-06-13,110.1200
2017-06-14,109.1600
2017-06-15,110.6600
2017-06-16,110.8400
2017-06-19,111.3400
2017-06-20,111.4600
2017-06-21,111.5800
2017-06-22,111.3600
2017-06-23,111.2600
2017-06-26,111.4800
2017-06-27,112.4200
2017-06-28,112.1800
2017-06-29,112.3200
2017-06-30,112.4000
2017-07-03,113.3200
2017-07-04,.
2017-07-05,113.2000
2017-07-06,113.2800
2017-07-07,114.1000
2017-07-10,114.0800
2017-07-11,114.2000
2017-07-12,113.1900
2017-07-13,113.3900
2017-07-14,112.6600
2017-07-17,112.7600
2017-07-18,111.8900
2017-07-19,111.7700
2017-07-20,111.6800
2017-07-21,111.1800
2017-07-24,111.1000
2017-07-25,111.5700
2017-07-26,112.1000
2017-07-27,111.6200
2017-07-28,110.8700
2017-07-31,110.3800
2017-08-01,110.3300
2017-08-02,110.4300
2017-08-03,110.1200
2017-08-04,110.7600
2017-08-07,110.7600
2017-08-08,110.7400
2017-08-09,110.0400
2017-08-10,109.3700
2017-08-11,109.0600
2017-08-14,109.4800
2017-08-15,110.4200
2017-08-16,110.8000
2017-08-17,109.8800
2017-08-18,109.3200
2017-08-21,108.8900
2017-08-22,109.4000
2017-08-23,109.1400
2017-08-24,109.3400
2017-08-25,109.2400
2017-08-28,109.2200
2017-08-29,109.0200
2017-08-30,110.2000
2017-08-31,110.0600
2017-09-01,110.0900
2017-09-04,.
2017-09-05,108.9400
2017-09-06,108.7500
2017-09-07,108.2600
2017-09-08,107.7200
2017-09-11,109.0300
2017-09-12,110.0100
2017-09-13,110.5800
2017-09-14,110.6600
2017-09-15,110.8400
2017-09-18,111.4800
2017-09-19,111.4900
2017-09-20,111.5000
2017-09-21,112.3000
2017-09-22,112.0100
2017-09-25,111.6400
2017-09-26,112.1600
2017-09-27,112.7600
2017-09-28,112.6600
2017-09-29,112.6400
2017-10-02,112.6000
2017-10-03,112.8000
2017-10-04,112.8400
2017-10-05,112.7400
2017-10-06,112.6800
2017-10-09,.
2017-10-10,112.1500
2017-10-11,112.3500
2017-10-12,112.3800
2017-10-13,111.9400
2017-10-16,111.7200
2017-10-17,112.3200
2017-10-18,112.9400
2017-10-19,112.5400
2017-10-20,113.5000
2017-10-23,113.6600
2017-10-24,113.9200
2017-10-25,113.7000
2017-10-26,113.7200
2017-10-27,113.8200
2017-10-30,113.2600
2017-10-31,113.6300
2017-11-01,114.0400
2017-11-02,113.8400
2017-11-03,114.2500
2017-11-06,113.9000
2017-11-07,113.9000
2017-11-08,113.6200
2017-11-09,113.4000
2017-11-10,.
2017-11-13,113.6200
2017-11-14,113.5000
2017-11-15,113.1500
2017-11-16,112.8900
2017-11-17,111.9800
2017-11-20,112.4900
2017-11-21,112.4600
2017-11-22,111.6200
2017-11-23,.
2017-11-24,111.5400
2017-11-27,111.0000
2017-11-28,111.1300
2017-11-29,111.7500
2017-11-30,112.3000
2017-12-01,111.8800
2017-12-04,112.8000
2017-12-05,112.7600
2017-12-06,112.3200
2017-12-07,112.7000
2017-12-08,113.5500
2017-12-11,113.3400
2017-12-12,113.6200
2017-12-13,113.1900
2017-12-14,112.5600
2017-12-15,112.6800
2017-12-18,112.4000
2017-12-19,112.9800
2017-12-20,113.2900
2017-12-21,113.4200
2017-12-22,113.3000
2017-12-25,.
2017-12-26,113.2000
2017-12-27,113.2800
2017-12-28,112.8500
2017-12-29,112.6900
2018-01-01,.
2018-01-02,112.1800
2018-01-03,112.2800
2018-01-04,112.7800
2018-01-05,113.1800
2018-01-08,113.0800
2018-01-09,112.5700
2018-01-10,111.4800
2018-01-11,111.3500
2018-01-12,111.2300
2018-01-15,.
2018-01-16,110.7400
2018-01-17,110.8100
2018-01-18,110.8800
2018-01-19,110.5600
2018-01-22,111.1500
2018-01-23,110.4600
2018-01-24,109.1500
2018-01-25,108.7000
2018-01-26,108.3800
2018-01-29,109.1200
2018-01-30,108.9000
2018-01-31,109.3100
2018-02-01,109.5000
2018-02-02,110.4000
2018-02-05,110.0900
2018-02-06,109.1800
2018-02-07,109.5300
2018-02-08,109.0000
2018-02-09,108.4400
2018-02-12,108.7200
2018-02-13,107.5900
2018-02-14,107.0000
2018-02-15,106.3600
2018-02-16,106.1000
2018-02-19,.
2018-02-20,107.2300
2018-02-21,107.6400
2018-02-22,106.9600
2018-02-23,106.6400
2018-02-26,106.96
2018-02-27,107.47
2018-02-28,106.62
2018-03-01,106.91
2018-03-02,105.65
2018-03-05,105.97
2018-03-06,106.03
2018-03-07,105.94
2018-03-08,106.08
2018-03-09,106.74
2018-03-12,106.52
2018-03-13,106.64
2018-03-14,106.17
2018-03-15,106.07
2018-03-16,106.1
2018-03-19,105.83
2018-03-20,106.42
2018-03-21,106.3
2018-03-22,105.34
2018-03-23,104.83
2018-03-26,105.0
2018-03-27,105.72
2018-03-28,106.3
2018-03-29,106.27
2018-03-30,106.2
2018-04-02,105.99
2018-04-03,106.45
2018-04-04,106.56
2018-04-05,107.48
2018-04-06,107.03
2018-04-09,107.06
2018-04-10,107.3
2018-04-11,106.78
2018-04-12,107.3
2018-04-13,107.52
2018-04-16,107.26
2018-04-17,107.09
2018-04-18,107.26
2018-04-19,107.42
2018-04-20,107.6
2018-04-23,108.62
2018-04-24,109.03
2018-04-25,109.33
2018-04-26,109.3
2018-04-27,109.12
2018-04-30,109.28
2018-05-01,109.69
2018-05-02,109.89
2018-05-03,109.06
2018-05-04,109.16
2018-05-07,109.14
2018-05-08,109.16
2018-05-09,109.68
2018-05-10,109.53
2018-05-11,109.26
2018-05-14,109.52
2018-05-15,110.25
2018-05-16,110.22
2018-05-17,110.76
2018-05-18,110.71
2018-05-21,111.08
2018-05-22,110.94
2018-05-23,110.05
2018-05-24,109.3
2018-05-25,109.35
2018-05-28,.
2018-05-29,108.62
2018-05-30,109.04
2018-05-31,108.73
2018-06-01,109.49
2018-06-04,109.66
2018-06-05,109.63
2018-06-06,110.0
2018-06-07,109.92
2018-06-08,109.45
2018-06-11,109.94
2018-06-12,110.22
2018-06-13,110.41
2018-06-14,110.44
2018-06-15,110.58
2018-06-18,110.44
2018-06-19,110.02
2018-06-20,110.14
2018-06-21,110.05
2018-06-22,109.98
2018-06-25,109.62
2018-06-26,109.92
2018-06-27,110.34
2018-06-28,110.38
2018-06-29,110.71
2018-07-02,110.73
2018-07-03,110.54
2018-07-04,.
2018-07-05,110.59
2018-07-06,110.48
2018-07-09,110.78
2018-07-10,111.24
2018-07-11,111.52
2018-07-12,112.41
2018-07-13,112.38
2018-07-16,112.29
2018-07-17,112.79
2018-07-18,112.82
2018-07-19,112.98
2018-07-20,111.74
2018-07-23,111.36
2018-07-24,111.27
2018-07-25,111.02
2018-07-26,111.2
2018-07-27,110.94
2018-07-30,110.98
2018-07-31,111.88
2018-08-01,111.72
2018-08-02,111.48
2018-08-03,111.12
2018-08-06,111.43
2018-08-07,111.19
2018-08-08,110.96
2018-08-09,110.9
2018-08-10,110.66
2018-08-13,110.65
2018-08-14,110.92
2018-08-15,110.62
2018-08-16,110.89
2018-08-17,110.54
2018-08-20,110.38
2018-08-21,110.48
2018-08-22,110.54
2018-08-23,111.14
2018-08-24,111.22
2018-08-27,111.09
2018-08-28,111.04
2018-08-29,111.8
2018-08-30,111.17
2018-08-31,110.98
2018-09-03,.
2018-09-04,111.44
2018-09-05,111.47
2018-09-06,110.87
2018-09-07,111.18
